,Nome_dependencia_Administrativa,Diretoria_de_ensino,Nome_Escola,Codigo_Municipio,Municipio,Bairro,Distrito,CEP,Complemento,Endereco,Numero,Ddd,Fone1,Fone2,Email
0,MUNICIPAL,SAO JOSE DOS CAMPOS,ALADIR MAIA RIBEIRO GOMES NEI,645,SAO JOSE DOS CAMPOS,JARDIM SATELITE,SAO JOSE DOS CAMPOS,12230060,RUA,PORTO NOVO ,45,12.0,39316902.0,,NEIALADIR@SJC.SP.GOV.BR
1,MUNICIPAL,SAO JOSE DOS CAMPOS,ALTO DA PONTE NEI,645,SAO JOSE DOS CAMPOS,ALTO DA PONTE,SAO JOSE DOS CAMPOS,12212430,RUA,ITARARE ,116,12.0,39416097.0,,EMEIPADREBONAFE@SJC.SP.GOV.BR
2,MUNICIPAL,SAO JOSE DOS CAMPOS,ALVARO GONCALVES PROF EMEF,645,SAO JOSE DOS CAMPOS,CAMPO DOS ALEMAES,SAO JOSE DOS CAMPOS,12239740,RUA,RUA ALBERTINA PEREIRA LIMA,151,12.0,39660324.0,39661278.0,EMEFALVAROGONCALVES@SJC.SP.GOV.BR
3,MUNICIPAL,SAO JOSE DOS CAMPOS,ANA BERLING MACEDO PROFA EMEF,645,SAO JOSE DOS CAMPOS,ALTO DA PONTE,SAO JOSE DOS CAMPOS,12212500,RUA,RUA ALZIRO LEBRAO,318,12.0,39216839.0,,EMEFANABERLING@SJC.SP.GOV.BR
4,MUNICIPAL,SAO JOSE DOS CAMPOS,ANA ISABEL BARBOSA PROFA NEI,645,SAO JOSE DOS CAMPOS,BUQUIRINHA,SAO JOSE DOS CAMPOS,12213790,RUA,BENEDITO DE OLIVEIRA E SILVA ,115,12.0,39481313.0,,NEIANAISABEL@SJC.SP.GOV.BR
5,MUNICIPAL,SAO JOSE DOS CAMPOS,ANA LUCIA DE CASTRO MICHELETO PROFA EMEI,645,SAO JOSE DOS CAMPOS,VILA TATETUBA,SAO JOSE DOS CAMPOS,12220140,RUA,PATATIVA ,200,12.0,39296843.0,,EMEIANALUCIA@SJC.SP.GOV.BR
6,MUNICIPAL,SAO JOSE DOS CAMPOS,ANGELA DE CASTRO FERNANDES LOPES PROFA EMEI,645,SAO JOSE DOS CAMPOS,PARQUE INDUSTRIAL,SAO JOSE DOS CAMPOS,12235650,RUA,TURIACU ,792,12.0,39318518.0,39334594.0,EMEIANGELADECASTRO@SJC.SP.GOV.BR
7,MUNICIPAL,SAO JOSE DOS CAMPOS,ANJELA MARIA DE SOUZA ALVES PROFA IMI,645,SAO JOSE DOS CAMPOS,CIDADE MORUMBI,SAO JOSE DOS CAMPOS,12236580,AVENIDA,BENEDITO BENTO ,80,12.0,39315466.0,,IMIANJELAMARIA@SJC.SP.GOV.BR
8,MUNICIPAL,SAO JOSE DOS CAMPOS,ANTONIO PALMA SOBRINHO PROF EMEF,645,SAO JOSE DOS CAMPOS,PARQUE NOVA ESPERANCA,SAO JOSE DOS CAMPOS,12226170,RUA,ANGELO SCARPEL ,163,12.0,39071124.0,39073939.0,EMEFANTONIOPALMA@SJC.SP.GOV.BR
9,MUNICIPAL,SAO JOSE DOS CAMPOS,ARLINDO CAETANO FILHO PROF EMEI,645,SAO JOSE DOS CAMPOS,CONJUNTO RESIDENCIAL TRINTA E UM DE MARCO,SAO JOSE DOS CAMPOS,12237200,RUA,VALDEMIR DE OLIVEIRA ,42,12.0,39311684.0,,EMEIARLINDOCAETANO@SJC.SP.GOV.BR
10,MUNICIPAL,SAO JOSE DOS CAMPOS,ARMILINDA LOCATELLI DE MACEDO IMI,645,SAO JOSE DOS CAMPOS,VILA TESOURO,SAO JOSE DOS CAMPOS,12221560,RUA,VITORIO CARNEVALLI ,176,12.0,39295149.0,,IMIARMILINDALOCATELLI@SJC.SP.GOV.BR
11,MUNICIPAL,SAO JOSE DOS CAMPOS,ARTUR APARECIDO DA ROSA EMEI,645,SAO JOSE DOS CAMPOS,JARDIM SAO JUDAS TADEU,SAO JOSE DOS CAMPOS,12228370,AVENIDA,VICENTE DE PAULO SAO,SN,12.0,39441765.0,,PLANEJAMENTOESCOLAR@SJC.SP.GOV.BR
12,MUNICIPAL,SAO JOSE DOS CAMPOS,AUREA CANTINHO RODRIGUES PROFA EMEF,645,SAO JOSE DOS CAMPOS,JARDIM OSWALDO CRUZ,SAO JOSE DOS CAMPOS,12216600,RUA,IRAN ,135,12.0,39218765.0,39428011.0,EMEFAUREACANTINHO@SJC.SP.GOV.BR
13,MUNICIPAL,SAO JOSE DOS CAMPOS,BAIRRO DOS FREITAS NEI DO,645,SAO JOSE DOS CAMPOS,FREITAS,SAO JOSE DOS CAMPOS,12214422,ESTRADA MUNICIPAL,JOSE BENEDITO DE OLIVEIRA ,1938,12.0,39482834.0,,NEIBAIRRODOSFREITAS@SJC.SP.GOV.BR
14,MUNICIPAL,SAO JOSE DOS CAMPOS,BAIRRO SAO BENEDITO EMEF,466,MONTEIRO LOBATO,SAO BENEDITO,MONTEIRO LOBATO,12250000,PRACA,RODVIA SP KM 50,SN,12.0,39791345.0,,ESCOLAFUNDAMENTAL@MONTEIROLOBATO.SP.GOV.BR
15,MUNICIPAL,SAO JOSE DOS CAMPOS,BENEDITO CARVALHO DOS SANTOS IMI,645,SAO JOSE DOS CAMPOS,VILA MARIA,SAO JOSE DOS CAMPOS,12209510,AVENIDA,TEOTONIO VILELA SENADOR,900,12.0,39215666.0,39225253.0,IMIBENEDITOCARVALHO@SJC.SP.GOV.BR
16,MUNICIPAL,SAO JOSE DOS CAMPOS,CASSIANO RICARDO EMEI,645,SAO JOSE DOS CAMPOS,VILA ADYANA,SAO JOSE DOS CAMPOS,12243750,RUA,PRUDENTE MEIRELES DE MORAIS ENGENHEIRO,1000,12.0,39211117.0,,EMEICASSIANORICARDO@SJC.SP.GOV.BR
17,MUNICIPAL,SAO JOSE DOS CAMPOS,CLEANIR SANTOS MALDONADO CAMPOY PROFA NEI,645,SAO JOSE DOS CAMPOS,JARDIM AEROPORTO,SAO JOSE DOS CAMPOS,12231140,RUA,NORUEGA ,726,12.0,39229394.0,,NEICLEANIRSANTOS@SJC.SP.GOV.BR
18,MUNICIPAL,SAO JOSE DOS CAMPOS,CREMILDA ALVES DE OLIVEIRA AZEVEDO PROFA NEI,645,SAO JOSE DOS CAMPOS,VILA NOVA CRISTINA,SAO JOSE DOS CAMPOS,12211135,RUA,DURVALINA ISAURA CONCEICAO DOS SANTOS ,242,12.0,39423139.0,,EMEICREMILDAALVES@SJC.SP.GOV.BR
19,MUNICIPAL,SAO JOSE DOS CAMPOS,DIMEIA MARIA FERREIRA DINIZ ENDO PROFA INST MATERNO INFANTIL,645,SAO JOSE DOS CAMPOS,CAMPO DOS ALEMAES,SAO JOSE DOS CAMPOS,12239170,RUA,NELSON JOSE DE CARVALHO FERREIRA ,91,12.0,39661605.0,,IMIDIMEIAMARIA@SJC.SP.GOV.BR
20,MUNICIPAL,SAO JOSE DOS CAMPOS,DOMINGOS DE MACEDO CUSTODIO PROF EMEI,645,SAO JOSE DOS CAMPOS,VILA TESOURO,SAO JOSE DOS CAMPOS,12221470,RUA,JOSE DE MOURA RESENDE DOUTOR,372,12.0,39292325.0,,EMEIDOMINGOSDEMACEDO@SJC.SP.GOV.BR
21,MUNICIPAL,SAO JOSE DOS CAMPOS,DOROTI DA SILVA CUNHA NEI,645,SAO JOSE DOS CAMPOS,JARDIM SANTA INES I,SAO JOSE DOS CAMPOS,12248490,RUA,ABELARDO ALVES DE PAIVA ,300,12.0,39291928.0,,NEIDOROTIDASILVA@SJC.SP.GOV.BR
22,MUNICIPAL,SAO JOSE DOS CAMPOS,DOSULINA CHENQUE CHAVES DE ANDRADE PROFA EMEF,645,SAO JOSE DOS CAMPOS,JARDIM ALTOS DE SANTANA,SAO JOSE DOS CAMPOS,12214000,AVENIDA,PICO DAS AGULHAS NEGRAS ,1594,12.0,39216448.0,,EMEFDOSULINA@SJC.SP.GOV.BR
23,MUNICIPAL,SAO JOSE DOS CAMPOS,EDERA IRENE PEREIRA DE OLIVEIRA CARDOSO PROFA EMEI,645,SAO JOSE DOS CAMPOS,JARDIM PARAISO DO SOL,SAO JOSE DOS CAMPOS,12225250,RUA,RUA LUIS ANTONIO RIBEIRO DE MACEDO,330,12.0,39071481.0,39072133.0,EMEIEDERAIRENE@SJC.SP.GOV.BR
24,MUNICIPAL,SAO JOSE DOS CAMPOS,ELIZABETE DE PAULA HONORATO PROFA EMEF,645,SAO JOSE DOS CAMPOS,JARDIM MARIANA I,SAO JOSE DOS CAMPOS,12226854,RUA,AURELIO PORTILHO CASTELLANOS ,124,12.0,39129467.0,,EMEFELIZABETEPAULA@SJC.SP.GOV.BR
25,MUNICIPAL,SAO JOSE DOS CAMPOS,ELIZABETH COELHO MICHELLETO EMEF,466,MONTEIRO LOBATO,CENTRO,MONTEIRO LOBATO,12250000,PRACA,RUA HUMBERTO CAPELLI,221,12.0,39791345.0,,ESCOLAFUNDAMENTALO@MONTEIROLOBATO.SP.GOV.BR
26,MUNICIPAL,SAO JOSE DOS CAMPOS,ELZA FERREIRA RAHAL PROFA NEI,645,SAO JOSE DOS CAMPOS,VILA MARIA,SAO JOSE DOS CAMPOS,12209250,RUA,PARANA ,111,12.0,39091074.0,,EMEIELZAFERREIRA@SJC.SP.GOV.BR
27,MUNICIPAL,SAO JOSE DOS CAMPOS,ELZA MARIA DIAS MENDONCA PROFA NEI,645,SAO JOSE DOS CAMPOS,MONTE CASTELO,SAO JOSE DOS CAMPOS,12215170,PRACA,FRANCISCO ESCOBAR ,103,12.0,39235216.0,,NEIELZAMARIA@SJC.SP.GOV.BR
28,MUNICIPAL,SAO JOSE DOS CAMPOS,ELZA REGINA FERREIRA BEVILACQUA PROFA EMEF,645,SAO JOSE DOS CAMPOS,JARDIM ESTORIL,SAO JOSE DOS CAMPOS,12232040,RUA,BRENO DE MOURA ,SN,12.0,39166420.0,39167020.0,EMEFELZAREGINA@SJC.SP.GOV.BR
29,MUNICIPAL,SAO JOSE DOS CAMPOS,EMEF EMMANUEL ANTONIO DOS SANTOS,645,SAO JOSE DOS CAMPOS,RESIDENCIAL FREI GALVAO,SAO JOSE DOS CAMPOS,12248701,RUA,RUA DAS CEREJAS,150,12.0,39298970.0,,EMEFEMMANUELANTONIO@SJC.SP.GOV.BR
30,MUNICIPAL,SAO JOSE DOS CAMPOS,EMEF PROFESSORA MERCEDES MARIA PEROTTI ,645,SAO JOSE DOS CAMPOS,RIO COMPRIDO,SAO JOSE DOS CAMPOS,12238000,AVENIDA,RUA SAO FRANCISCO ,181,12.0,39311428.0,,EMEFRIOCOMPRIDO@SJC.SP.GOV.BR
31,MUNICIPAL,SAO JOSE DOS CAMPOS,EMILIA NUCLEO DE EDUCACAO INFANTIL ,466,MONTEIRO LOBATO,CENTRO,MONTEIRO LOBATO,12250000,BAIRRO SOUZAS,AVENIDA SANTA RITA E CASSIA,SN,12.0,39791268.0,39794145.0,ESCOLAINFANTIL@MONTEIROLOBATO.SP.GOV.BR
32,MUNICIPAL,SAO JOSE DOS CAMPOS,EUGENIO DE MELO NEI,645,SAO JOSE DOS CAMPOS,EUGENIO DE MELLO,EUGENIO DE MELO,12247160,RUA,ELOY PORTO ,120,12.0,39052153.0,,NEIEUGENIOMELO@SJC.SP.GOV.BR
33,MUNICIPAL,SAO JOSE DOS CAMPOS,FEBRONIO PEREIRA GOMES EMEI,645,SAO JOSE DOS CAMPOS,PARQUE NOVO HORIZONTE,SAO JOSE DOS CAMPOS,12225700,RUA,CARTEIROS ,50,12.0,39071439.0,,EMEIFEBRONIOPEREIRA@SJC.SP.GOV.BR
34,MUNICIPAL,SAO JOSE DOS CAMPOS,FERNANDO TAO DE AZEVEDO INSTITUTO MATERNO INFANTIL,645,SAO JOSE DOS CAMPOS,JARDIM SATELITE,SAO JOSE DOS CAMPOS,12230130,RUA,BAMBUI ,25,12.0,39318990.0,,IMIFERNANDOTAO@SJC.SP.GOV.BR
35,MUNICIPAL,SAO JOSE DOS CAMPOS,FLAVIO BERLING MACEDO PROF EMEF,645,SAO JOSE DOS CAMPOS,VL MARIA,SAO JOSE DOS CAMPOS,12209250,RUA,R PARANA,111,12.0,39091070.0,,EMEFFLAVIOBERLING@SJC.SP.GOV.BR
36,MUNICIPAL,SAO JOSE DOS CAMPOS,FLAVIO LENZI IMI,645,SAO JOSE DOS CAMPOS,VILA TATETUBA,SAO JOSE DOS CAMPOS,12220220,PRACA,GAIVOTAS ,535,12.0,39123027.0,,IMIFLAVIOLENZI@SJC.SP.GOV.BR
37,MUNICIPAL,SAO JOSE DOS CAMPOS,GERALDO DE ALMEIDA PROF EMEF,645,SAO JOSE DOS CAMPOS,CHACARAS POUSADA DO VALE,SAO JOSE DOS CAMPOS,12226763,RUA,RUA CAMOMILA,100,12.0,39292545.0,39294566.0,EMEFGERALDOALMEIDA@SJC.SP.GOV.BR
38,MUNICIPAL,SAO JOSE DOS CAMPOS,HELENA FERREIRA PROFESSORA IMI,645,SAO JOSE DOS CAMPOS,MONTE CASTELO,SAO JOSE DOS CAMPOS,12215580,RUA,WALDIR GAIOSO ,SN,,,,IMIHELENAFERREIRA@SJC.SP.GOV.BR
39,MUNICIPAL,SAO JOSE DOS CAMPOS,HELENA VAZ DE LIMA SOLIVA PROFA INSTITUTO MATERNO INFANTIL,645,SAO JOSE DOS CAMPOS,JARDIM SAO DIMAS,SAO JOSE DOS CAMPOS,12245000,AVENIDA,FRANCISCO JOSE LONGO ENGENHEIRO,526,12.0,39128383.0,,IMIHELENASOLIVA@SJC.SP.GOV.BR
40,MUNICIPAL,SAO JOSE DOS CAMPOS,HELIO AUGUSTO DE SOUZA CENTRO EDUC PROFISSSIONAL CEPHAS,645,SAO JOSE DOS CAMPOS,FLORADAS DE SAO JOSE,SAO JOSE DOS CAMPOS,12230084,RUA,RUA TSUNESSABURO MAKIGUTI,399,12.0,39335022.0,39341135.0,DIRCEPHAS@FUNDHAS.ORG.BR
41,MUNICIPAL,SAO JOSE DOS CAMPOS,HELIO AUGUSTO DE SOUZA PROF EMEF,645,SAO JOSE DOS CAMPOS,JARDIM VALPARAIBA,SAO JOSE DOS CAMPOS,12221371,PRACA,PRACA DOS MUSICOS,SN,12.0,39295996.0,,EMEFHELIOAUGUSTO@SJC.SP.GOV.BR
42,MUNICIPAL,SAO JOSE DOS CAMPOS,HELIO WALTER BEVILACQUA PROFESSOR EMEF,645,SAO JOSE DOS CAMPOS,JARDIM REPUBLICA,SAO JOSE DOS CAMPOS,12234831,RUA,RUA OSCAR FERREIRA DA SILVA,155,12.0,39392310.0,,EMEFHELIOBEVILACQUA@SJC.SP.BR
43,MUNICIPAL,SAO JOSE DOS CAMPOS,HOMERA DA SILVA BRAGA PROFA EMEF,645,SAO JOSE DOS CAMPOS,CIDADE MORUMBI,SAO JOSE DOS CAMPOS,12236450,RUA,JOAQUIM DE PAULA ,670,12.0,39379166.0,39379329.0,EMEFHOMERA@SJC.SP.GOV.BR
44,MUNICIPAL,SAO JOSE DOS CAMPOS,IDELENA MENEZES TREFILIO DE CARVALHO PROFA EMEI,645,SAO JOSE DOS CAMPOS,SANTANA,SAO JOSE DOS CAMPOS,12211115,AVENIDA,OLIVO GOMES ,590,12.0,39215770.0,,EMEIIDELENAMENEZES@SJC.SP.GOV.BR
45,MUNICIPAL,SAO JOSE DOS CAMPOS,ILDETE MENDONCA BARBOSA PROFA EMEF,645,SAO JOSE DOS CAMPOS,RESIDENCIAL UNIAO,SAO JOSE DOS CAMPOS,12239024,RUA,MIGUEL JANSEN FILHO DOUTOR,80,12.0,39661026.0,39661688.0,EMEFILDETEMENDONCA@SJC.SP.GOV.BR
46,MUNICIPAL,SAO JOSE DOS CAMPOS,ILGA PUSPLATAIS PROFA EMEF,645,SAO JOSE DOS CAMPOS,JARDIM ISMENIA,SAO JOSE DOS CAMPOS,12220690,RUA,UBERLANDIA ,465,12.0,39023695.0,,EMEFILGA@SJC.SP.GOV.BR
47,MUNICIPAL,SAO JOSE DOS CAMPOS,ILZA NASCIMENTO PINTUS PROFESSORA NEI,645,SAO JOSE DOS CAMPOS,CHACARAS REUNIDAS,SAO JOSE DOS CAMPOS,12238360,RUA,MIRACEMA ,SN,12.0,39343836.0,,NEICHACARASREUNIDAS@SJC.SP.GOV.BR
48,MUNICIPAL,SAO JOSE DOS CAMPOS,INST MATERNAL INF PROFA ELIANA DE OLIVEIRA SANTOS CRUZ,645,SAO JOSE DOS CAMPOS,RESIDENCIAL ARMANDO MOREIRA RIGHI,SAO JOSE DOS CAMPOS,12247806,RUA,CELSO NEGRAO ,150,12.0,39123793.0,,PLANEJAMENTOESCOLAR@SJC.SP.GOV.BR
49,MUNICIPAL,SAO JOSE DOS CAMPOS,IRACEMA OLIVEIRA DE MELLO EMEI,645,SAO JOSE DOS CAMPOS,JARDIM SANTO ONOFRE,SAO JOSE DOS CAMPOS,12228077,RUA,ROBERTO APARECIDO CRUZ ,60,12.0,39442328.0,,EMEIIRACEMAOLIVEIRA@SJC.SP.GOV.BR
50,MUNICIPAL,SAO JOSE DOS CAMPOS,JACYRA VIEIRA BARACHO PROFA EMEF,645,SAO JOSE DOS CAMPOS,JARDIM VENEZA,SAO JOSE DOS CAMPOS,12237060,RUA,FLORENCA ,100,12.0,39330650.0,39345407.0,EMEFJACYRABARACHO@SJC.SP.GOV.BR
51,MUNICIPAL,SAO JOSE DOS CAMPOS,JANE PALUMBO PROFA EMEI,645,SAO JOSE DOS CAMPOS,CONJUNTO RESIDENCIAL DOM PEDRO I,SAO JOSE DOS CAMPOS,12232610,RUA,RUA EDILSON SABINO DOS SANTOS,SN,12.0,39668339.0,,EMEIJANEPALUMBO@SJC.SP.GOV.BR
52,MUNICIPAL,SAO JOSE DOS CAMPOS,JARDIM MORUMBI NUCLEO DE EDUCACAO INFANTIL,645,SAO JOSE DOS CAMPOS,CIDADE MORUMBI,SAO JOSE DOS CAMPOS,12236740,AVENIDA,ELISIO GALDINO SOBRINHO ,40,12.0,39310002.0,,EMEIJARDIMMORUMBI@SJC.SP.GOV.BR
53,MUNICIPAL,SAO JOSE DOS CAMPOS,JESUS DE NAZARE IMI,645,SAO JOSE DOS CAMPOS,VILA SAO BENTO,SAO JOSE DOS CAMPOS,12231580,RUA,APA ,100,12.0,39222319.0,,IMIJESUSDENAZARE@SJC.SP.GOV.BR
54,MUNICIPAL,SAO JOSE DOS CAMPOS,JOANA MATTAR DE OLIVEIRA IMI,645,SAO JOSE DOS CAMPOS,CONJUNTO RESIDENCIAL TRINTA E UM DE MARCO,SAO JOSE DOS CAMPOS,12237000,RUA,JOSE COBRA ,95,12.0,39319818.0,,IMIJOANAMATTAR@SJC.SP.GOV.BR
55,MUNICIPAL,SAO JOSE DOS CAMPOS,JOAO LOPES SIMOES IMI,645,SAO JOSE DOS CAMPOS,JARDIM ORIENTE,SAO JOSE DOS CAMPOS,12236190,PRACA,ALEXANDRE MAGNO ,166,12.0,39310194.0,,IMIJOAOLOPES@SJC.SP.GOV.BR
56,MUNICIPAL,SAO JOSE DOS CAMPOS,JOAO MARCONDES GUIMARAES PADRE EMEI,645,SAO JOSE DOS CAMPOS,BOSQUE DOS EUCALIPTOS,SAO JOSE DOS CAMPOS,12233420,RUA,TATUI ,27,12.0,39165257.0,,EMEIPADREJOAO@SJC.SP.GOV.BR
57,MUNICIPAL,SAO JOSE DOS CAMPOS,JOSE ANTERO CURSINO DOS SANTOS PROF NEI,645,SAO JOSE DOS CAMPOS,JARDIM SATELITE,SAO JOSE DOS CAMPOS,12230810,RUA,ITAPOA ,101,12.0,39313718.0,,EMEIJOSEANTERO@SJC.SP.GOV.BR
58,MUNICIPAL,SAO JOSE DOS CAMPOS,JOSE MADUREIRA LEBRAO EMEI,645,SAO JOSE DOS CAMPOS,JARDIM MARIANA II,SAO JOSE DOS CAMPOS,12226880,RUA,MAURICIO MALDONADO JUNIOR ,94,12.0,39129608.0,39292322.0,EMEIJOSEMADUREIRA@SJC.SP.GOV.BR
59,MUNICIPAL,SAO JOSE DOS CAMPOS,JOSE PAULINO BICUDO NEI,645,SAO JOSE DOS CAMPOS,CONJUNTO RESIDENCIAL VALE DOS PINHEIROS,SAO JOSE DOS CAMPOS,12242370,RUA,JAVAES ,SN,12.0,39415895.0,,NEIJOSEPAULINOBICUDO@SJC.SP.GOV.BR
60,MUNICIPAL,SAO JOSE DOS CAMPOS,JOSE PURCINI EMEI,645,SAO JOSE DOS CAMPOS,JARDIM SANTA INES II,SAO JOSE DOS CAMPOS,12248515,RUA,CIRURGIOES DENTISTAS ,480,12.0,39125780.0,39297402.0,EMEIJOSEPURCINI@SJC.SP.GOV.BR
61,MUNICIPAL,SAO JOSE DOS CAMPOS,JOSE RUBENS FRANCO BONAFE PADRE EMEI,645,SAO JOSE DOS CAMPOS,JARDIM SANTA MATILDE,SAO JOSE DOS CAMPOS,12213580,RUA,SALETE NOSSA SENHORA,34,12.0,39219987.0,,EMEIPADREBONAFE@SJC.SP.GOV.BR
62,MUNICIPAL,SAO JOSE DOS CAMPOS,JOSE SODERO BITENCOURT PROF EMEI,645,SAO JOSE DOS CAMPOS,RESIDENCIAL BOSQUE DOS IPES,SAO JOSE DOS CAMPOS,12236874,RUA,JOSE ANTONIO MONTEIRO SANTOS ,15,12.0,39394096.0,,EMEIJOSESODERO@SJC.SP.GOV.BR
63,MUNICIPAL,SAO JOSE DOS CAMPOS,LADIEL BENEDITO DE CARVALHO PROF EMEI,645,SAO JOSE DOS CAMPOS,PARQUE INTERLAGOS,SAO JOSE DOS CAMPOS,12229829,RUA,RUA ANA BENEDICTA DIAS PEDROSA,75,12.0,39441828.0,,EMEILADIELBENEDITO@SJC.SP.GOV.BR
64,MUNICIPAL,SAO JOSE DOS CAMPOS,LEONOR PEREIRA NUNES GALVAO PROFA EMEF,645,SAO JOSE DOS CAMPOS,VILA INDUSTRIAL,SAO JOSE DOS CAMPOS,12220300,RUA,JOSE MOLINA ,150,12.0,39121750.0,39291714.0,EMEFLEONORGALVAO@SJC.SP.GOV.BR
65,MUNICIPAL,SAO JOSE DOS CAMPOS,LOURDES DE OLIVEIRA MENDES PROFA EMEI,645,SAO JOSE DOS CAMPOS,JARDIM PARARANGABA,SAO JOSE DOS CAMPOS,12224720,RUA,RIO UNA ,488,12.0,39028879.0,,EMEILOURDESDEOLIVEIRA@SJC.SP.GOV.BR
66,MUNICIPAL,SAO JOSE DOS CAMPOS,LUCIA MARIA DO AMARAL PROFESSORA EMEI,645,SAO JOSE DOS CAMPOS,JARDIM SANTA LUZIA,SAO JOSE DOS CAMPOS,12228858,RUA,JOSE BENEDITO DE ALMEIDA PENA ,140,12.0,39129819.0,,AA.PUPIO@UOL.COM.BR
67,MUNICIPAL,SAO JOSE DOS CAMPOS,LUCIA PEREIRA RODRIGUES PROFA EMEF,645,SAO JOSE DOS CAMPOS,JARDIM SANTA FE,SAO JOSE DOS CAMPOS,12228110,RUA,PRACA IV CENTENARIO,401,12.0,39441769.0,39441850.0,EMEFLUCIAPEREIRA@SJC.SP.GOV.BR
68,MUNICIPAL,SAO JOSE DOS CAMPOS,LUIZ LEITE PROF EMEF,645,SAO JOSE DOS CAMPOS,CONJUNTO RESIDENCIAL GALO BRANCO,SAO JOSE DOS CAMPOS,12247540,RUA,BENEDITO ANDRADE ,5,12.0,39051139.0,39052510.0,EMEFLUIZLEITE@SJC.SP.GOV.BR
69,MUNICIPAL,SAO JOSE DOS CAMPOS,LUIZ SUNDFELD PROF EMEI,645,SAO JOSE DOS CAMPOS,CONJUNTO RESIDENCIAL GALO BRANCO,SAO JOSE DOS CAMPOS,12247530,RUA,FELICIO JABBUR NASSER ,1035,12.0,39052263.0,,EMEILUIZSUNDFELD@SJC.SP.GOV.BR
70,MUNICIPAL,SAO JOSE DOS CAMPOS,LUZIA LEVINA APARECIDA BORGES PROFA EMEF,645,SAO JOSE DOS CAMPOS,JARDIM CRUZEIRO DO SUL,SAO JOSE DOS CAMPOS,12234813,RUA,HONORATO GONCALVES TEIXEIRA ,205,12.0,39661187.0,39661569.0,EMEFLUZIALEVINA@SJC.SP.GOV.BR
71,MUNICIPAL,SAO JOSE DOS CAMPOS,MARIA ALICE PASQUARELLI PROFA EMEI,645,SAO JOSE DOS CAMPOS,JARDIM COPACABANA,SAO JOSE DOS CAMPOS,12221221,PRACA,PRACA JOAQUIM FIGUEIRA DE ANDRADE,60,12.0,39291854.0,,EMEIMARIAALICE@SJC.SP.GOV.BR
72,MUNICIPAL,SAO JOSE DOS CAMPOS,MARIA AMELIA WAKAMATSU PROFA EMEF,645,SAO JOSE DOS CAMPOS,CAMPOS DE SAO JOSE,SAO JOSE DOS CAMPOS,12226690,RUA,VIRGILIO FERNANDES DE OLIVEIRA ,31,12.0,39124775.0,39297535.0,EMEFMARIAAMELIA@SJC.SP.GOV.BR
73,MUNICIPAL,SAO JOSE DOS CAMPOS,MARIA ANTONIETA FERREIRA PAYAR PROFA EMEF,645,SAO JOSE DOS CAMPOS,PINHERINHO DOS PALMARES,SAO JOSE DOS CAMPOS,12228256,CONJUNTO HABITACIONAL,TRÊS,S/N,12.0,39122739.0,,GLAUCIA.ARAUJO@SJC.SP.GOV.BR
74,MUNICIPAL,SAO JOSE DOS CAMPOS,MARIA APARECIDA SANTOS RONCONI PROFA EMEF,645,SAO JOSE DOS CAMPOS,MONTE CASTELO,SAO JOSE DOS CAMPOS,12215390,RUA,ANA GONCALVES DA CUNHA ,400,12.0,39114549.0,,EMEFMARIARONCONI@SJC.SP.GOV.BR
75,MUNICIPAL,SAO JOSE DOS CAMPOS,MARIA AUGUSTA MOREIRA DA COSTA PROFA EMEF,645,SAO JOSE DOS CAMPOS,JARDIM UIRA,SAO JOSE DOS CAMPOS,12227621,RUA,RUA DOS CANINDES,SN,12.0,39118948.0,,EMEFMARIAAUGUSTA@SJC.SP.GOV.BR
76,MUNICIPAL,SAO JOSE DOS CAMPOS,MARIA DA GLORIA MARIANO SANTOS PROFA EMEI,645,SAO JOSE DOS CAMPOS,JARDIM TELESPARK,SAO JOSE DOS CAMPOS,12212810,PRACA,CESAR TRABALLI ,80,12.0,39226002.0,,EMEIMARIADAGLORIA@SJC.SP.GOV.BR
77,MUNICIPAL,SAO JOSE DOS CAMPOS,MARIA DE LOURDES CONSTANTINO PROFA IMI,645,SAO JOSE DOS CAMPOS,PARQUE NOVO HORIZONTE,SAO JOSE DOS CAMPOS,12225710,RUA,ELETRICISTAS ,330,12.0,39072113.0,39075994.0,IMIMARIADELOURDES@SJC.SP.GOV.BR
78,MUNICIPAL,SAO JOSE DOS CAMPOS,MARIA DE MELO PROFA EMEF,645,SAO JOSE DOS CAMPOS,PARQUE INDUSTRIAL,SAO JOSE DOS CAMPOS,12235741,RUA,INGA ,40,12.0,39313593.0,39348030.0,EMEFMARIAMELO@SJC.SP.GOV.BR
79,MUNICIPAL,SAO JOSE DOS CAMPOS,MARIA EZEQUIEL SANT'ANNA PROFA NEI,645,SAO JOSE DOS CAMPOS,JARDIM SATELITE,SAO JOSE DOS CAMPOS,12230320,RUA,CASTOR ,180,12.0,39374618.0,,EMEIMARIAEZEQUIEL@SJC.SP.GOV.BR
80,MUNICIPAL,SAO JOSE DOS CAMPOS,MARIA JOSE GUIDO BROGLIATO FREIRE PROFA EMEI,645,SAO JOSE DOS CAMPOS,JARDIM COLONIAL,SAO JOSE DOS CAMPOS,12234440,PRACA,BERTOLINO CLAUDIO ,56,12.0,39662351.0,,EMEIMARIAJOSEGUIDO@SJC.SP.GOV.BR
81,MUNICIPAL,SAO JOSE DOS CAMPOS,MARIA NAZARETH DE MOURA VERONESE PROFA EMEF,645,SAO JOSE DOS CAMPOS,JARDIM DA GRANJA,SAO JOSE DOS CAMPOS,12227510,PRACA,COLUMBA ,45,12.0,39213424.0,39424341.0,EMEFMARIAVERONESE@SJC.SP.GOV.BR
82,MUNICIPAL,SAO JOSE DOS CAMPOS,MARIA OFELIA VENEZIANI PEDROSA PROFA EMEF,645,SAO JOSE DOS CAMPOS,JARDIM LIMOEIRO,SAO JOSE DOS CAMPOS,12241340,RUA,SERGIO GONZAGA AZEVEDO ,130,12.0,39330408.0,39349019.0,EMEFMARIAOFELIA@SJC.SP.GOV.BR
83,MUNICIPAL,SAO JOSE DOS CAMPOS,MARIANA TEIXEIRA CORNELIO PROFA EMEF,645,SAO JOSE DOS CAMPOS,JARDIM TELESPARK,SAO JOSE DOS CAMPOS,12212700,RUA,BENEDITO PEREIRA LIMA ,200,12.0,39133600.0,39133601.0,EMEFMARIANATEIXEIRA@SJC.SP.GOV.BR
84,MUNICIPAL,SAO JOSE DOS CAMPOS,MARIANITA DE OLIVEIRA PEREIRA SANTOS PROFA NEI,645,SAO JOSE DOS CAMPOS,BOSQUE DOS EUCALIPTOS,SAO JOSE DOS CAMPOS,12233290,RUA,VICOSA ,5,12.0,39361002.0,,EMEIMARIANITADEOLIVEIRA@SJC.SP.GOV.BR
85,MUNICIPAL,SAO JOSE DOS CAMPOS,MARILDA APARECIDA MONTEMOR PROFA EMEI,645,SAO JOSE DOS CAMPOS,JARDIM ORIENTE,SAO JOSE DOS CAMPOS,12236231,PRACA,VICTOR HUGO ,SN,12.0,39341602.0,39393268.0,EMEIMARILDAMONTEMOR@SJC.SP.GOV.BR
86,MUNICIPAL,SAO JOSE DOS CAMPOS,MARILDA FERREIRA DE BRITO BARROS PEREIRA IMI,645,SAO JOSE DOS CAMPOS,JARDIM VALPARAIBA,SAO JOSE DOS CAMPOS,12221371,PRACA,MUSICOS ,140,12.0,39120298.0,39298083.0,IMIMARILDAFERREIRA@SJC.SP.GOV.BR
87,MUNICIPAL,SAO JOSE DOS CAMPOS,MARIO CAMPANER PROF EMEI,645,SAO JOSE DOS CAMPOS,JARDIM DAS INDUSTRIAS,SAO JOSE DOS CAMPOS,12241100,PRACA,FLAMBOYANT ,131,12.0,39315785.0,,EMEIMARIOCAMPANER@SJC.SP.GOV.BR
88,MUNICIPAL,SAO JOSE DOS CAMPOS,MAROCA VENEZIANI IMI,645,SAO JOSE DOS CAMPOS,ALTO DA PONTE,SAO JOSE DOS CAMPOS,12212500,RUA,RUA ALZIRO LEBRAO,SN,12.0,39229937.0,,IMIMAROCAVENEZIANI@SJC.SP.GOV.BR
89,MUNICIPAL,SAO JOSE DOS CAMPOS,MARQUES DE RABICO NUCLEO DE EDUCACAO INFANTIL,466,MONTEIRO LOBATO,CENTRO,MONTEIRO LOBATO,12250000,BAIRRO TAGUARI - KM 114,RODOVIA SP-50 ,SN,12.0,39480314.0,39791268.0,NARIZINHOARREBITADO@HOTMAIL.COM
90,MUNICIPAL,SAO JOSE DOS CAMPOS,MARTHA ABIB CASTANHO PROFESSORA EMEF,645,SAO JOSE DOS CAMPOS,JARDIM SATELITE,SAO JOSE DOS CAMPOS,12230021,RUA,LEBLON ,60,12.0,39333008.0,39336355.0,EMEFMARTHAABIB@SJC.SP.GOV.BRF
91,MUNICIPAL,SAO JOSE DOS CAMPOS,MERCEDES CARNEVALLI KLEIN PROFA EMEF,645,SAO JOSE DOS CAMPOS,JARDIM SATELITE,SAO JOSE DOS CAMPOS,12230810,RUA,ITAPOA ,350,12.0,39311404.0,39349082.0,EMEFMERCEDESCARNEVALLI@SJC.SP.GOV.BR
92,MUNICIPAL,SAO JOSE DOS CAMPOS,MERCEDES RACHID EDWARDS EMEF,645,SAO JOSE DOS CAMPOS,SAO FRANCISCO XAVIER,SAO FRANCISCO XAVIER,12249000,PRACA,ESTRADA MUNICIPAL VEREADOR PEDRO DAVID,19251,12.0,39261634.0,39261874.0,EMEFMERCEDESRACHID@SJC.SP.GOV.BR
93,MUNICIPAL,SAO JOSE DOS CAMPOS,MOACYR BENEDICTO DE SOUZA PROF EMEF,645,SAO JOSE DOS CAMPOS,CAMPO DOS ALEMAES,SAO JOSE DOS CAMPOS,12239420,RUA,MARIA MARTINS OTTOBONI ,100,12.0,39661000.0,39661829.0,EMEFMOACYRBENEDICTO@SJC.SP.GOV.BR
94,MUNICIPAL,SAO JOSE DOS CAMPOS,NEI PROFESSORA MARIA APARECIDA SAVASTANO SANCHEZ,645,SAO JOSE DOS CAMPOS,CENTRO,SAO JOSE DOS CAMPOS,12249000,PRACA,RUA TREZE DE MAIO,SN,12.0,39261665.0,,NEISAOFRANCISCOXAVIER@SJC.SP.GOV.BR
95,MUNICIPAL,SAO JOSE DOS CAMPOS,NORMA DE CONTI SIMAO PROFA EMEF,645,SAO JOSE DOS CAMPOS,CAMPO DOS ALEMAES,SAO JOSE DOS CAMPOS,12239260,RUA,JOAO ADAO ,349,12.0,39371818.0,39372828.0,EMEFNORMACONTI@SJC.SP.GOV.BR
96,MUNICIPAL,SAO JOSE DOS CAMPOS,NORMA LUCIA RODRIGUES DE ALMEIDA PROFA EMEI,645,SAO JOSE DOS CAMPOS,JARDIM DAS FLORES,EUGENIO DE MELO,12247650,RUA,FLOR DE LIS ,133,12.0,39052099.0,,EMEINORMALUCIA@SJC.SP.GOV.BR
97,MUNICIPAL,SAO JOSE DOS CAMPOS,NÚCLEO DE EDUCAÇÃO INFANTIL NARIZINHO ARREBITADO ,466,MONTEIRO LOBATO,CENTRO,MONTEIRO LOBATO,12250000,PRACA,RUA HUMBERTO CAPELLI,191,12.0,39791268.0,,NARIZINHOARREBITADO@HOTMAIL.COM
98,MUNICIPAL,SAO JOSE DOS CAMPOS,NÚCLEO DE EDUCAÇÃO INFANTIL PROFA SILVIA HELENA DE SOUSA ,645,SAO JOSE DOS CAMPOS,SANTANA,SAO JOSE DOS CAMPOS,12211330,RUA,JOAO JOSE DO NASCIMENTO ,77,12.0,39235204.0,,NEIVILACESAR@SJC.SP.GOV.BR
99,MUNICIPAL,SAO JOSE DOS CAMPOS,OLGA FRANCO CUSTODIO PROFA NEI,645,SAO JOSE DOS CAMPOS,JARDIM MOTORAMA,SAO JOSE DOS CAMPOS,12224000,AVENIDA,ROSAS ,232,12.0,39296823.0,,EMEIOLGAFRANCO@SJC.SP.GOV.BR
100,MUNICIPAL,SAO JOSE DOS CAMPOS,OLIVIA DOS SANTOS FEIERABEND EMEF,466,MONTEIRO LOBATO,BAIRRO DO TAQUARI,MONTEIRO LOBATO,12250000,PRACA,ESTRADA SP 50 KM 114,SN,12.0,39480314.0,39481288.0,ESCOLAFUNDAMENTAL@MONTEIROLOBATO.SP.GOV.BR
101,MUNICIPAL,SAO JOSE DOS CAMPOS,OSWALDO COPPIO NEI,645,SAO JOSE DOS CAMPOS,JARDIM SAO JOSE II,SAO JOSE DOS CAMPOS,12248674,RUA,FREDIANO BIANCHI FILHO ,151,12.0,39291267.0,,NEIDOROTIDASILVA@SJC.SP.GOV.BR
102,MUNICIPAL,SAO JOSE DOS CAMPOS,OTACILIA MADUREIRA DE MOURA PROFA EMEF,645,SAO JOSE DOS CAMPOS,VILA NAIR,SAO JOSE DOS CAMPOS,12231270,PRACA,QUIRIRIM ,101,12.0,39215655.0,39424780.0,EMEFOTACILIAMOURA@SJC.SP.GOV.BR
103,MUNICIPAL,SAO JOSE DOS CAMPOS,PALMYRA SANT'ANNA PROFA EMEF,645,SAO JOSE DOS CAMPOS,VILA INDUSTRIAL,SAO JOSE DOS CAMPOS,12220000,AVENIDA,JUSCELINO KUBITSCHEK PRESIDENTE,6907,12.0,39125510.0,39292089.0,EMEFPALMYRASANTANNA@SJC.SP.GOV.BR
104,MUNICIPAL,SAO JOSE DOS CAMPOS,PEDRO DE ALCANTARA DOM EMEF,645,SAO JOSE DOS CAMPOS,CONJUNTO RESIDENCIAL DOM PEDRO I,SAO JOSE DOS CAMPOS,12232750,AVENIDA,ADILSON JOSE DA CRUZ ,7581,12.0,39661244.0,39661964.0,EMEFDOMPEDRO@SJC.SP.GOV.BR
105,MUNICIPAL,SAO JOSE DOS CAMPOS,PEDRO DE ALCANTARA DOM IMI,645,SAO JOSE DOS CAMPOS,CONJ HAB PAPA JOAO PAULO II,SAO JOSE DOS CAMPOS,12232427,RUA,RUA JOSE BENEDITO CASTILHO,SN,12.0,39662525.0,,IMIDOMPEDRO@SJC.SP.GOV.BR
106,MUNICIPAL,SAO JOSE DOS CAMPOS,POSSIDONIO JOSE DE FREITAS EMEF,645,SAO JOSE DOS CAMPOS,CONJUNTO RESIDENCIAL GALO BRANCO,SAO JOSE DOS CAMPOS,12247530,RUA,FELICIO JABBUR NASSER ,935,12.0,39051911.0,39053030.0,EMEFPOSSIDONIOFREITAS@SJC.SP.GOV.BR
107,MUNICIPAL,SAO JOSE DOS CAMPOS,POSSIDONIO SALLES PROFESSOR EMEF,645,SAO JOSE DOS CAMPOS,JARDIM AMERICANO,SAO JOSE DOS CAMPOS,12225070,RUA,BENEDITO ERAS ,SN,12.0,39027392.0,,EMEFPOSSIDONIOSALLES@SJC.SP.GOV.BR
108,MUNICIPAL,SAO JOSE DOS CAMPOS,POUSADA DO VALE IMI,645,SAO JOSE DOS CAMPOS,CHACARAS POUSADA DO VALE,SAO JOSE DOS CAMPOS,12226740,RUA,CEREJEIRA ,SN,12.0,39293168.0,,IMIPOUSADADOVALE@SJC.SP.GOV.BR
109,MUNICIPAL,SAO JOSE DOS CAMPOS,PROFESSORA SONIA MARA RAMOS NUCLEO DE EDUCACAO INFANTIL,645,SAO JOSE DOS CAMPOS,VILA SAO PEDRO,SAO JOSE DOS CAMPOS,12216390,PRACA,PARAIBA ,119,12.0,39229689.0,,NEIVILASAOPEDRO@SJC.SP.GOV.BR
110,MUNICIPAL,SAO JOSE DOS CAMPOS,REINO DAS AGUAS CLARAS NUCLEO DE EDUCACAO INFANTIL,466,MONTEIRO LOBATO,CENTRO,MONTEIRO LOBATO,12250000,PRACA,RUA BERNARDINO DE CAMPOS,160,12.0,39791583.0,,SILVANAMOURA2016@OUTLOOK.COM
111,MUNICIPAL,SAO JOSE DOS CAMPOS,RIO COMPRIDO NEI,645,SAO JOSE DOS CAMPOS,RIO COMPRIDO,SAO JOSE DOS CAMPOS,12224730,RUA,RUA SAO FRANCISCO,181,12.0,39393224.0,,NEIRIOCOMPRIDO@SJC.SP.GOV.BR
112,MUNICIPAL,SAO JOSE DOS CAMPOS,ROSA TOMITA PROFA EMEF,645,SAO JOSE DOS CAMPOS,JARDIM SAO JOSE II,SAO JOSE DOS CAMPOS,12248678,RUA,AYRTON SENNA DA SILVA ,90,12.0,32292995.0,39120390.0,EMEFROSATOMITA@SJC.SP.GOV.BR
113,MUNICIPAL,SAO JOSE DOS CAMPOS,ROSANA SCARPEL DA SILVA PROFA EMEI,645,SAO JOSE DOS CAMPOS,CAMPO DOS ALEMAES,SAO JOSE DOS CAMPOS,12239290,,JOAO DE OLIVEIRA E SILVA,S/N,12.0,39661275.0,,PLANEJAMENTOESCOLAR@SJC.SP.GOV.BR
114,MUNICIPAL,SAO JOSE DOS CAMPOS,RUTH NUNES DA TRINDADE PROFA EMEF,645,SAO JOSE DOS CAMPOS,JARDIM TORRAO DE OURO,SAO JOSE DOS CAMPOS,12229010,RUA,WALDEMAR TEIXEIRA ,900,12.0,39441030.0,39441670.0,EMEFRUTHNUNES@SJC.SP.GOV.BR
115,MUNICIPAL,SAO JOSE DOS CAMPOS,SANDRA REGINA DE ALMEIDA PAULO PROFA EMEI,645,SAO JOSE DOS CAMPOS,JARDIM AMERICANO,SAO JOSE DOS CAMPOS,12225050,PRACA,JOSE CARLOS PACE ,220,12.0,39296773.0,,EMEISANDRAREGINA@SJC.SP.GOV.BR
116,MUNICIPAL,SAO JOSE DOS CAMPOS,SEBASTIANA COBRA PROFA EMEF,645,SAO JOSE DOS CAMPOS,JARDIM DAS INDUSTRIAS,SAO JOSE DOS CAMPOS,12240150,RUA,RUA DOS AMORES-PERFEITOS,95,12.0,39311814.0,39345393.0,EMEFSEBASTIANACOBRA@SJC.SP.GOV.BR
117,MUNICIPAL,SAO JOSE DOS CAMPOS,SILVANA MARIA RIBEIRO DE ALMEIDA PROFA EMEF,645,SAO JOSE DOS CAMPOS,JARDIM DAS CEREJEIRAS,SAO JOSE DOS CAMPOS,12225570,RUA,QUATRO DE MARCO ,10,12.0,39075772.0,39077494.0,EMEFSILVANAMARIA@SJC.SP.GOV.BR
118,MUNICIPAL,SAO JOSE DOS CAMPOS,SONIA MARIA PEREIRA DA SILVA PROFA EMEF,645,SAO JOSE DOS CAMPOS,PARQUE NOVO HORIZONTE,SAO JOSE DOS CAMPOS,12225740,RUA,RUA DOS ALFAIATES,321,12.0,39073355.0,39074020.0,EMEFSONIAMARIA@SJC.SP.GOV.BR
119,MUNICIPAL,SAO JOSE DOS CAMPOS,THEREZINHA DO MENINO JESUS SOARES DO NASCIMENTO PROFA EMEF,645,SAO JOSE DOS CAMPOS,CONJUNTO RESIDENCIAL DOM PEDRO I,SAO JOSE DOS CAMPOS,12232841,RUA,FRANCISCO CARLOS BARBOSA ,200,12.0,39661028.0,39661582.0,EMEFTHEREZINHAJESUS@SJC.SP.GOV.BR
120,MUNICIPAL,SAO JOSE DOS CAMPOS,TORATARO TAKITANI EMEI,645,SAO JOSE DOS CAMPOS,JARDIM VALE DO SOL,SAO JOSE DOS CAMPOS,12238090,PRACA,BAHIA DE SAO SALVADOR ,142,12.0,39313382.0,39340442.0,EMEITORATAROTAKITANI@SJC.SP.GOV.BR
121,MUNICIPAL,SAO JOSE DOS CAMPOS,VALERIA APARECIDA DE ALMEIDA VASCONCELOS PROFA EMEI,645,SAO JOSE DOS CAMPOS,RESIDENCIAL GAZZO,SAO JOSE DOS CAMPOS,12236852,ESTRADA,ARCILIO MOREIRA DA SILVA ,191,12.0,39318887.0,,EMEIVALERIAAPARECIDA@SJC.SP.GOV.BR
122,MUNICIPAL,SAO JOSE DOS CAMPOS,VERA BABO DE OLIVEIRA PROFA EMEF,645,SAO JOSE DOS CAMPOS,JARDIM ALTOS DE SANTANA,SAO JOSE DOS CAMPOS,12214010,AVENIDA,ALTO DO RIO DOCE ,801,12.0,39215748.0,39424478.0,EMEFVERABABO@SJC.SP.GOV.BR
123,MUNICIPAL,SAO JOSE DOS CAMPOS,VERA LUCIA CARNEVALLI BARRETO PROFA EMEF,645,SAO JOSE DOS CAMPOS,SANTANA,SAO JOSE DOS CAMPOS,12211115,AVENIDA,OLIVO GOMES ,520,12.0,39216258.0,39422780.0,EMEFVERALUCIA@SJC.SP.GOV.BR
124,MUNICIPAL,SAO JOSE DOS CAMPOS,VICENTE SIMIAO LUZ NEI,645,SAO JOSE DOS CAMPOS,JARDIM SAO LEOPOLDO,SAO JOSE DOS CAMPOS,12228191,RUA,NATALIO ANGELO STABELI ,20,12.0,39441481.0,,NEIVICENTESIMIAO@SJC.SP.GOV.BR
125,MUNICIPAL,SAO JOSE DOS CAMPOS,VILA PAIVA NEI,645,SAO JOSE DOS CAMPOS,VILA PAIVA,SAO JOSE DOS CAMPOS,12213400,RUA,ANTONIO PEDRO PEROTTI ,375,12.0,39228122.0,,NEIVILAPAIVA@SJC.SP.GOV.BR
126,MUNICIPAL,SAO JOSE DOS CAMPOS,VILA SAO BENTO NEI,645,SAO JOSE DOS CAMPOS,VILA SAO BENTO,SAO JOSE DOS CAMPOS,12231600,RUA,GURUPI ,40,12.0,39434271.0,,NEIVILASAOBENTO@SJC.SP.GOV.BR
127,MUNICIPAL,SAO JOSE DOS CAMPOS,VILA SAO GERALDO NEI DA,645,SAO JOSE DOS CAMPOS,VILA SAO GERALDO,SAO JOSE DOS CAMPOS,12213270,RUA,MANOEL FERNANDES NETTO MAJOR,320,12.0,39212537.0,,EMEIPADREBONAFE@SJC.SP.GOV.BR
128,MUNICIPAL,SAO JOSE DOS CAMPOS,VISCONDE DE SABUGOSA NUCLEO DE EDUCACAO INFANTIL,466,MONTEIRO LOBATO,CENTRO,MONTEIRO LOBATO,12250000,BAIRRO SAO BENEDITO,RODOVIA SP 50,SN,12.0,39791268.0,,NARIZINHOARREBITADO@HOTMAIL.COM
129,MUNICIPAL,SAO JOSE DOS CAMPOS,WALDEMAR RAMOS PROF EMEF,645,SAO JOSE DOS CAMPOS,CIDADE VISTA VERDE,SAO JOSE DOS CAMPOS,12223410,RUA,MEXICO ,84,12.0,39120318.0,39125840.0,EMEFWALDEMARRAMOS@SJC.SP.GOV.BR
130,MUNICIPAL,SAO JOSE DOS CAMPOS,ZELI DE TOLEDO DIAS PROFA EMEI,645,SAO JOSE DOS CAMPOS,JARDIM UIRA,SAO JOSE DOS CAMPOS,12227620,AVENIDA,CURRUIRAS ,160,12.0,39214527.0,,EMEIZELIDETOLEDO@SJC.SP.GOV.BR
131,MUNICIPAL,SAO JOSE DOS CAMPOS,ZENAIDE VILALVA ARAUJO PROFA EMEI,645,SAO JOSE DOS CAMPOS,VILA ADYANA,SAO JOSE DOS CAMPOS,12243750,RUA,PRUDENTE MEIRELES DE MORAIS ENGENHEIRO,1000,12.0,39217439.0,,EMEIZENAIDEVILALVA@SJC.SP.GOV.BR
132,MUNICIPAL,SAO JOSE DOS CAMPOS,ZILDA COSTA DE OLIVEIRA PROFA EMEI,645,SAO JOSE DOS CAMPOS,JARDIM DA GRANJA,SAO JOSE DOS CAMPOS,12227230,PRACA,HELIO DIAS ,137,12.0,39225411.0,,EMEIZILDACOSTA@SJC.SP.GOV.BR
0,ESTADUAL - SE,SAO JOSE DOS CAMPOS,ADELIA CHUCRI NEME,645,SAO JOSE DOS CAMPOS,VILA INDUSTRIAL,SAO JOSE DOS CAMPOS,12220000,AVENIDA,AVENIDA PRESIDENTE JUSCELINO KUBITSCHEK,6701,12.0,39293509.0,39293816.0,E046826A@EDUCACAO.SP.GOV.BR
1,ESTADUAL - SE,SAO JOSE DOS CAMPOS,ALCEU MAYNARD ARAUJO PROFESSOR,645,SAO JOSE DOS CAMPOS,JARDIM MOTORAMA,SAO JOSE DOS CAMPOS,12224100,RUA,MIOSOTIS ,75,12.0,39295394.0,39295576.0,E013481A@EDUCACAO.SP.GOV.BR
2,ESTADUAL - SE,SAO JOSE DOS CAMPOS,AMINTAS ROCHA BRITO PROFESSOR,645,SAO JOSE DOS CAMPOS,JARDIM CASTANHEIRA,SAO JOSE DOS CAMPOS,12225290,RUA,ANIBAL FERRI ,193,12.0,39071375.0,39072011.0,E917597A@EDUCACAO.SP.GOV.BR
3,ESTADUAL - SE,SAO JOSE DOS CAMPOS,ANA CANDIDA DE BARROS MOLINA PROFESSORA,645,SAO JOSE DOS CAMPOS,VILA INDUSTRIAL,SAO JOSE DOS CAMPOS,12220280,PREDIO,SAIGIRO NAKAMURA ,300,12.0,39027356.0,39051899.0,E013572A@EDUCACAO.SP.GOV.BR
4,ESTADUAL - SE,SAO JOSE DOS CAMPOS,ANA HERONDINA SOARES SCHYCHOF PROFESSORA,645,SAO JOSE DOS CAMPOS,CIDADE VISTA VERDE,SAO JOSE DOS CAMPOS,12223600,RUA,CIDADE DE WASHINGTON ,163,12.0,39293693.0,39294402.0,E917448A@EDUCACAO.SP.GOV.BR
5,ESTADUAL - SE,SAO JOSE DOS CAMPOS,ARLETE ELOIZA FERREIRA TEIXEIRA PROFESSORA,645,SAO JOSE DOS CAMPOS,JARDIM NOVA DETROIT,SAO JOSE DOS CAMPOS,12224580,RUA,ORLANDO SILVA ,35,12.0,39122553.0,39295568.0,E905112A@EDUCACAO.SP.GOV.BR
6,ESTADUAL - SE,SAO JOSE DOS CAMPOS,ARMANDO D OLIVEIRA COBRA,645,SAO JOSE DOS CAMPOS,CENTRO - DISTRITO DE SÃO FRANCISCO XAVIER,SAO FRANCISCO XAVIER,12249000,,TREZE DE MAIO,295,12.0,39261154.0,39261255.0,E013730A@EDUCACAO.SP.GOV.BR
7,ESTADUAL - SE,SAO JOSE DOS CAMPOS,AYR PICANCO BARBOSA DE ALMEIDA PROFESSORA,645,SAO JOSE DOS CAMPOS,BOSQUE DOS EUCALIPTOS,SAO JOSE DOS CAMPOS,12233250,RUA,GALILEIA ,365,12.0,39171629.0,39361956.0,E047958A@EDUCACAO.SP.GOV.BR
8,ESTADUAL - SE,SAO JOSE DOS CAMPOS,BAIRRO BENGALAR,645,SAO JOSE DOS CAMPOS,BENGALAR,SAO JOSE DOS CAMPOS,12209000,AVENIDA,TRAVESSA SANTO IVO,11,12.0,39489009.0,,E013500A@EDUCACAO.SP.GOV.BR
9,ESTADUAL - SE,SAO JOSE DOS CAMPOS,BAIRRO BOM SUCESSO,645,SAO JOSE DOS CAMPOS,BOM SUCESSO,SAO JOSE DOS CAMPOS,12211843,TRAVESSA,ESTRADA DO BOM SUCESSO,SN,12.0,996089208.0,,E013500A@EDUCACAO.SP.GOV.BR
10,ESTADUAL - SE,SAO JOSE DOS CAMPOS,BAIRRO DAS PERNAMBUCANAS,645,SAO JOSE DOS CAMPOS,CAPUAVA,SAO JOSE DOS CAMPOS,12225000,AVENIDA,R HONDURAS,197,12.0,39441424.0,39441815.0,E013791A@EDUCACAO.SP.GOV.BR
11,ESTADUAL - SE,SAO JOSE DOS CAMPOS,BAIRRO TURVO DE BAIXO,645,SAO JOSE DOS CAMPOS,TURVO,SAO JOSE DOS CAMPOS,12209000,AVENIDA,ESTRADA MUNICIPAL DO TURVO,SN,12.0,39225990.0,39234690.0,E013500A@EDUCACAO.SP.GOV.BR
12,ESTADUAL - SE,SAO JOSE DOS CAMPOS,BENEDITO MATARAZZO DEPUTADO,645,SAO JOSE DOS CAMPOS,JARDIM AMERICA,SAO JOSE DOS CAMPOS,12235430,RUA,MINDANAU ,111,12.0,39331066.0,39347767.0,E001557A@EDUCACAO.SP.GOV.BR
13,ESTADUAL - SE,SAO JOSE DOS CAMPOS,CEEJA DE SAO JOSE DOS CAMPOS,645,SAO JOSE DOS CAMPOS,VILA NOVA CRISTINA,SAO JOSE DOS CAMPOS,12211139,RUA,CLAUDINO PRISCO ,343,12.0,39218470.0,39226807.0,E980195A@EDUCACAO.SP.GOV.BR
14,ESTADUAL - SE,SAO JOSE DOS CAMPOS,CEL JTO A EE ESTEVAN FERRI PROFESSOR,645,SAO JOSE DOS CAMPOS,MONTE CASTELO,SAO JOSE DOS CAMPOS,12215110,RUA,CANTIDIO MIRAGAIA ,100,12.0,39411766.0,39419795.0,E023462A@EDUCACAO.SP.GOV.BR
15,ESTADUAL - SE,SAO JOSE DOS CAMPOS,CEL JTO A EE JOSE VIEIRA MACEDO PROF,645,SAO JOSE DOS CAMPOS,JARDIM SATELITE,SAO JOSE DOS CAMPOS,12230750,RUA,IPIAU ,162,12.0,39315911.0,39317542.0,E013560A@EDUCACAO.SP.GOV.BR
16,ESTADUAL - SE,SAO JOSE DOS CAMPOS,CENTRO ATEND SOCIOEDUC ADOLESC SAO JOSE DOS CAMPOS CI,645,SAO JOSE DOS CAMPOS,TAMOIOS,SAO JOSE DOS CAMPOS,12233000,AVENIDA,RODOVIA TAMOIOS,KM 12,12.0,39210167.0,39234800.0,PEGAGCSETAMOIOS@CASA.SP.GOV.BR
17,ESTADUAL - SE,SAO JOSE DOS CAMPOS,CENTRO DE RESSOCIALIZACAO FEMININO DE SAO JOSE DOS CAMPOS,645,SAO JOSE DOS CAMPOS,CENTRO,SAO JOSE DOS CAMPOS,12245681,TRAVESSA,FRANCISCO ALMADA ,81,12.0,39112201.0,39428997.0,VERABR77@GMAIL.COM
18,ESTADUAL - SE,SAO JOSE DOS CAMPOS,DIACONO HAMILTON BONTORIM DE SOUZA PROFESSOR,645,SAO JOSE DOS CAMPOS,ALTOS DA VILA PAIVA,SAO JOSE DOS CAMPOS,12213078,RUA,RIO DO PEIXE ,351,12.0,39072004.0,39318415.0,E497095A@EDUCACAO.SP.GOV.BR
19,ESTADUAL - SE,SAO JOSE DOS CAMPOS,DINORA PEREIRA RAMOS BRITO PROFESSORA,645,SAO JOSE DOS CAMPOS,PUTIM,SAO JOSE DOS CAMPOS,12228000,AVENIDA,JOAO RODOLFO CASTELLI ,157,12.0,39441135.0,39441144.0,E901532A@EDUCACAO.SP.GOV.BR
20,ESTADUAL - SE,SAO JOSE DOS CAMPOS,DIRCE ELIAS PROFESSORA,645,SAO JOSE DOS CAMPOS, FREITAS,SAO JOSE DOS CAMPOS,12214422,ESTRADA MUNICIPAL,ESTRADA MUNICIPAL JOSE BENEDITO DE OLIVEIRA,1991,12.0,39481048.0,39481303.0,E905124A@EDUCACAO.SP.GOV.BR
21,ESTADUAL - SE,SAO JOSE DOS CAMPOS,DOMINGOS DE MACEDO CUSTODIO PROFESSOR,645,SAO JOSE DOS CAMPOS,VILA SAO BENEDITO,SAO JOSE DOS CAMPOS,12227060,PRACA,BENEDITO UGOLINO SILVA GUERRA ,311,12.0,39222004.0,39222419.0,E042336A@EDUCACAO.SP.GOV.BR
22,ESTADUAL - SE,SAO JOSE DOS CAMPOS,DORIVAL MONTEIRO DE OLIVEIRA PROFESSOR,645,SAO JOSE DOS CAMPOS,PARQUE NOVO HORIZONTE,SAO JOSE DOS CAMPOS,12225660,RUA,PEDREIROS ,367,12.0,39071570.0,39072009.0,E042304A@EDUCACAO.SP.GOV.BR
23,ESTADUAL - SE,SAO JOSE DOS CAMPOS,EDERA IRENE PEREIRA DE OLIVEIRA CARDOSO PROFESSORA,645,SAO JOSE DOS CAMPOS,JARDIM SAO JUDAS TADEU,SAO JOSE DOS CAMPOS,12228450,RUA,RUA SAO JANUARIO,81,12.0,39441675.0,39445190.0,E925925A@EDUCACAO.SP.GOV.BR
24,ESTADUAL - SE,SAO JOSE DOS CAMPOS,EDEWALDO FREITAS GAIA SANT ANA PROFESSOR,645,SAO JOSE DOS CAMPOS,JARDIM AMERICA,SAO JOSE DOS CAMPOS,12235420,RUA,ROSARIO ,540,12.0,39314667.0,39317118.0,E013493A@EDUCACAO.SP.GOV.BR
25,ESTADUAL - SE,SAO JOSE DOS CAMPOS,EDGAR MELLO MATTOS DE CASTRO ENGENHEIRO,645,SAO JOSE DOS CAMPOS,CAMPO DOS ALEMAES,SAO JOSE DOS CAMPOS,12239148,ESTRADA,IMPERADOR ,701,12.0,39661272.0,39661799.0,E917254A@EDUCACAO.SP.GOV.BR
26,ESTADUAL - SE,SAO JOSE DOS CAMPOS,ELIDIA TEDESCO DE OLIVEIRA PROFESSORA,645,SAO JOSE DOS CAMPOS,CONJUNTO RESIDENCIAL GALO BRANCO,SAO JOSE DOS CAMPOS,12247430,RUA,JUVENAL SANTOS ,4,12.0,39050221.0,39052196.0,E920459A@EDUCACAO.SP.GOV.BR
27,ESTADUAL - SE,SAO JOSE DOS CAMPOS,ELMANO FERREIRA VELOSO,645,SAO JOSE DOS CAMPOS,CHACARAS REUNIDAS,SAO JOSE DOS CAMPOS,12238350,RUA,MONTE AZUL ,795,12.0,39314646.0,,MARADIRET@HOTMAIL.COM
28,ESTADUAL - SE,SAO JOSE DOS CAMPOS,ESTEVAM FERRI PROFESSOR,645,SAO JOSE DOS CAMPOS,MONTE CASTELO,SAO JOSE DOS CAMPOS,12215110,RUA,CANTIDIO MIRAGAIA ,100,12.0,39411766.0,39419795.0,E023462A@EDUCACAO.SP.GOV.BR
29,ESTADUAL - SE,SAO JOSE DOS CAMPOS,EUCLIDES BUENO MIRAGAIA,645,SAO JOSE DOS CAMPOS,VILA NAIR,SAO JOSE DOS CAMPOS,12231590,RODOVIA,RODOVIA DOS TAMOIOS,470,12.0,39210167.0,,E013602A@EDUCACAO.SP.GOV.BR
30,ESTADUAL - SE,SAO JOSE DOS CAMPOS,EUNICE CORDEIRO DOS SANTOS RODRIGUES PROFESSORA,645,SAO JOSE DOS CAMPOS,VILA SAO GERALDO,SAO JOSE DOS CAMPOS,12213270,RUA,RUA MAJOR MANOEL FERNANDES NETTO,370,12.0,39214606.0,39234955.0,E013511A@EDUCACAO.SP.GOV.BR
31,ESTADUAL - SE,SAO JOSE DOS CAMPOS,FELICIO SAVASTANO PROFESSOR,645,SAO JOSE DOS CAMPOS,MONTE CASTELO,SAO JOSE DOS CAMPOS,12215030,RUA,RUA CAPITAO RAUL FAGUNDES,341,12.0,39227034.0,39234700.0,E013547A@EDUCACAO.SP.GOV.BR
32,ESTADUAL - SE,SAO JOSE DOS CAMPOS,FRANCISCO JOAO LEME,645,SAO JOSE DOS CAMPOS,ALTO DA PONTE,SAO JOSE DOS CAMPOS,12212380,RUA,CONSTITUINTE ,37,12.0,39216015.0,39220615.0,E013638A@EDUCACAO.SP.GOV.BR
33,ESTADUAL - SE,SAO JOSE DOS CAMPOS,FRANCISCO LOPES DE AZEVEDO PROFESSOR,645,SAO JOSE DOS CAMPOS,JARDIM SATELITE,SAO JOSE DOS CAMPOS,12230250,RUA,ANTARES ,330,12.0,39311723.0,,E039640A@EDUCACAO.SP.GOV.BR
34,ESTADUAL - SE,SAO JOSE DOS CAMPOS,FRANCISCO PEREIRA DA SILVA PROFESSOR,645,SAO JOSE DOS CAMPOS,VILA TATETUBA,SAO JOSE DOS CAMPOS,12220190,PRACA,UIRAPURU ,131,12.0,39122418.0,39295572.0,E013936A@EDUCACAO.SP.GOV.BR
35,ESTADUAL - SE,SAO JOSE DOS CAMPOS,GERALDINA COELHO MONTEIRO PROFESSORA,645,SAO JOSE DOS CAMPOS,JARDIM NOVA MICHIGAN,SAO JOSE DOS CAMPOS,12225440,RUA,MARIA HELENA MOREIRA DE QUEIROZ PROFESSORA,186,12.0,39071606.0,39072001.0,E901581A@EDUCACAO.SP.GOV.BR
36,ESTADUAL - SE,SAO JOSE DOS CAMPOS,HENRIQUETA COSTA PORTO PROFESSORA,645,SAO JOSE DOS CAMPOS,PARQUE INDUSTRIAL,SAO JOSE DOS CAMPOS,12235550,RUA,SANTAREM ,970,12.0,39312300.0,39318553.0,E047946A@EDUCACAO.SP.GOV.BR
37,ESTADUAL - SE,SAO JOSE DOS CAMPOS,ILZA IRMA MOELLER COPPIO PROFESSORA,645,SAO JOSE DOS CAMPOS,VILA SINHA,SAO JOSE DOS CAMPOS,12212659,RUA,JAGUARI ,362,12.0,39213121.0,39217820.0,E013523A@EDUCACAO.SP.GOV.BR
38,ESTADUAL - SE,SAO JOSE DOS CAMPOS,IRACEMA RIBEIRO DE FREITAS,645,SAO JOSE DOS CAMPOS,VILA IRACEMA,SAO JOSE DOS CAMPOS,12228151,PRACA,MURIAE ,7,12.0,39441593.0,,E047961A@EDUCACAO.SP.GOV.BR
39,ESTADUAL - SE,SAO JOSE DOS CAMPOS,JARDIM REPUBLICA,645,SAO JOSE DOS CAMPOS,JARDIM REPUBLICA,SAO JOSE DOS CAMPOS,12234831,RUA,RUA OSCAR FERREIRA DA SILVA,155,12.0,39441447.0,,E495529A@EDUCACAO.SP.GOV.BR
40,ESTADUAL - SE,SAO JOSE DOS CAMPOS,JENI DAVI BACHA PROFESSORA,645,SAO JOSE DOS CAMPOS,BUQUIRINHA,SAO JOSE DOS CAMPOS,12213831,RUA,RUA ANTONIO DE OLIVEIRA PINTO,83,12.0,39481033.0,39481188.0,E037849A@EDUCACAO.SP.GOV.BR
41,ESTADUAL - SE,SAO JOSE DOS CAMPOS,JOAO CURSINO,645,SAO JOSE DOS CAMPOS,JARDIM SAO DIMAS,SAO JOSE DOS CAMPOS,12245001,AVENIDA,AVENIDA ENGENHEIRO FRANCISCO JOSE LONGO,782,12.0,39214550.0,39215804.0,E013948A@EDUCACAO.SP.GOV.BR
42,ESTADUAL - SE,SAO JOSE DOS CAMPOS,JOAO FERREIRA DOS SANTOS PROFESSOR,645,SAO JOSE DOS CAMPOS,JARDIM DAS CEREJEIRAS,SAO JOSE DOS CAMPOS,12225500,RUA,QUINZE DE OUTUBRO ,80,12.0,39071033.0,39072007.0,E916304A@EDUCACAO.SP.GOV.BR
43,ESTADUAL - SE,SAO JOSE DOS CAMPOS,JOAO MOROTTI FILHO,645,SAO JOSE DOS CAMPOS,BOM RETIRO,SAO JOSE DOS CAMPOS,12226280,RUA,IRENE TOLEDO DE SOUZA GOMES ,SN,12.0,39070478.0,39071388.0,E915026A@EDUCACAO.SP.GOV.BR
44,ESTADUAL - SE,SAO JOSE DOS CAMPOS,JOAQUIM ANDRADE MEIRELLES PROFESSOR,645,SAO JOSE DOS CAMPOS,JARDIM SATELITE,SAO JOSE DOS CAMPOS,12230680,RUA,MARANDUBA ,SN,12.0,39330993.0,,E035373A@EDUCACAO.SP.GOV.BR
45,ESTADUAL - SE,SAO JOSE DOS CAMPOS,JOAQUIM DE MOURA CANDELARIA PROFESSOR,645,SAO JOSE DOS CAMPOS,CIDADE MORUMBI,SAO JOSE DOS CAMPOS,12236670,RUA,JOSEFA ALBUQUERQUE DOS SANTOS ,831,12.0,39311908.0,39316128.0,E911392A@EDUCACAO.SP.GOV.BR
46,ESTADUAL - SE,SAO JOSE DOS CAMPOS,JORGE BARBOSA MOREIRA PROFESSOR,645,SAO JOSE DOS CAMPOS,VILA CANDIDA,SAO JOSE DOS CAMPOS,12213531,AVENIDA,MARIA CANDIDA DELGADO ,10,12.0,39234689.0,,E013559A@EDUCACAO.SP.GOV.BR
47,ESTADUAL - SE,SAO JOSE DOS CAMPOS,JOSE ANTONIO COUTINHO CONDINO PROFESSOR,645,SAO JOSE DOS CAMPOS,JARDIM SANTA HERMINIA,SAO JOSE DOS CAMPOS,12226838,RUA,A ,1477,12.0,39071806.0,,E912712A@EDUCACAO.SP.GOV.BR
48,ESTADUAL - SE,SAO JOSE DOS CAMPOS,JOSE FREDERICO MARQUES PROFESSOR,645,SAO JOSE DOS CAMPOS,CAMPO DOS ALEMAES,SAO JOSE DOS CAMPOS,12239170,RUA,NELSON JOSE DE CARVALHO FERREIRA ,91,12.0,39661221.0,39661664.0,E919755A@EDUCACAO.SP.GOV.BR
49,ESTADUAL - SE,SAO JOSE DOS CAMPOS,JOSE MARIOTTO FERREIRA MAJOR AVIADOR,645,SAO JOSE DOS CAMPOS,VILA DAS ACACIAS,SAO JOSE DOS CAMPOS,12228530,CAMPUS DO CTA,PRACA MARECHAL EDUARDO GOMES,50,12.0,39210342.0,39223637.0,E013869A@EDUCACAO.SP.GOV.BR
50,ESTADUAL - SE,SAO JOSE DOS CAMPOS,JOSE VIEIRA MACEDO PROFESSOR,645,SAO JOSE DOS CAMPOS,JARDIM SATELITE,SAO JOSE DOS CAMPOS,12230750,RUA,IPIAU ,162,12.0,39315911.0,,E013560A@EDUCACAO.SP.GOV.BR
51,ESTADUAL - SE,SAO JOSE DOS CAMPOS,JULIA BERNARDES RODRIGUES PROFESSORA,645,SAO JOSE DOS CAMPOS,JARDIM SAO JUDAS TADEU,SAO JOSE DOS CAMPOS,12228260,AVENIDA,CRISTOVAO SAO,843,12.0,39441424.0,39441815.0,E901568A@EDUCACAO.SP.GOV.BR
52,ESTADUAL - SE,SAO JOSE DOS CAMPOS,JUVENAL MACHADO DE ARAUJO PROFESSOR,645,SAO JOSE DOS CAMPOS,VILA TESOURO,SAO JOSE DOS CAMPOS,12221540,RUA,VICENTE CELESTINO ,150,12.0,39296447.0,,E035397A@EDUCACAO.SP.GOV.BR
53,ESTADUAL - SE,SAO JOSE DOS CAMPOS,LOURDES MARIA DE CAMARGO PROFESSORA,645,SAO JOSE DOS CAMPOS,JARDIM IMPERIAL,SAO JOSE DOS CAMPOS,12234010,AVENIDA,AVENIDA DOM PEDRO I,341,12.0,39661117.0,39661344.0,E037837A@EDUCACAO.SP.GOV.BR
54,ESTADUAL - SE,SAO JOSE DOS CAMPOS,MALBA THEREZA FERRAZ CAMPANER PROFESSORA,645,SAO JOSE DOS CAMPOS,JARDIM ORIENTE,SAO JOSE DOS CAMPOS,12236160,PRACA,MIKADO ,142,12.0,39316322.0,39318415.0,E042316A@EDUCACAO.SP.GOV.BR
55,ESTADUAL - SE,SAO JOSE DOS CAMPOS,MARCIA HELENA BARBOSA LINO PROFESSORA,645,SAO JOSE DOS CAMPOS,CAMPO DOS ALEMAES,SAO JOSE DOS CAMPOS,12239670,RUA,JOSE RODRIGUES SALGADO ,150,12.0,39661699.0,,E922018A@EDUCACAO.SP.GOV.BR
56,ESTADUAL - SE,SAO JOSE DOS CAMPOS,MARIA APARECIDA VERISSIMO MADUREIRA RAMOS PROFESSORA,645,SAO JOSE DOS CAMPOS,JARDIM DAS INDUSTRIAS,SAO JOSE DOS CAMPOS,12241260,RUA,CARVALHOS ,30,12.0,39318798.0,,E905100A@EDUCACAO.SP.GOV.BR
57,ESTADUAL - SE,SAO JOSE DOS CAMPOS,MARIA DOLORES VERISSIMO MADUREIRA PROFESSORA,645,SAO JOSE DOS CAMPOS,JARDIM ANHEMBI,SAO JOSE DOS CAMPOS,12235240,RUA,SERRA DO RONCADOR ,310,12.0,39312843.0,39314645.0,E035361A@EDUCACAO.SP.GOV.BR
58,ESTADUAL - SE,SAO JOSE DOS CAMPOS,MARIA FERREIRA SONNEWEND PROFESSORA,466,MONTEIRO LOBATO,CENTRO,MONTEIRO LOBATO,12250000,PRACA,RUA MARIA LUIZA VALVANO AURICCHIO,30,12.0,39791157.0,39791516.0,E013328A@EDUCACAO.SP.GOV.BR
59,ESTADUAL - SE,SAO JOSE DOS CAMPOS,MARIA GOMIDE SANTOS DE SOUZA PROFESSORA,645,SAO JOSE DOS CAMPOS,CIDADE MORUMBI,SAO JOSE DOS CAMPOS,12236680,RUA,ZELIA ALBUQUERQUE DOS SANTOS ,452,12.0,39310377.0,39316089.0,E919731A@EDUCACAO.SP.GOV.BR
60,ESTADUAL - SE,SAO JOSE DOS CAMPOS,MARIA LUIZA DE GUIMARAES MEDEIROS PROFESSORA,645,SAO JOSE DOS CAMPOS,SANTANA,SAO JOSE DOS CAMPOS,12212200,RUA,RUA SAO LUIZ GONZAGA,89,12.0,39221606.0,39226016.0,E013754A@EDUCACAO.SP.GOV.BR
61,ESTADUAL - SE,SAO JOSE DOS CAMPOS,MARILDA FERREIRA DE BRITO BARROS PEREIRA,645,SAO JOSE DOS CAMPOS,VALE DOS PINHEIROS,SAO JOSE DOS CAMPOS,12242330,RUA,RUA MANOEL SALDANHA,401,12.0,39222543.0,,E045470A@EDUCACAO.SP.GOV.BR
62,ESTADUAL - SE,SAO JOSE DOS CAMPOS,MAURICIO ANISSE CURY DOUTOR,645,SAO JOSE DOS CAMPOS,JARDIM SAO DIMAS,SAO JOSE DOS CAMPOS,12245001,AVENIDA,AVENIDA ENGENHEIRO FRANCISCO JOSE LONGO,832,12.0,39212777.0,39416381.0,E013791A@EDUCACAO.SP.GOV.BR
63,ESTADUAL - SE,SAO JOSE DOS CAMPOS,MIGUEL NAKED MAJOR,645,SAO JOSE DOS CAMPOS,CIDADE MORUMBI,SAO JOSE DOS CAMPOS,12236580,AVENIDA,BENEDITO BENTO ,195,12.0,39312922.0,,E045469A@EDUCACAO.SP.GOV.BR
64,ESTADUAL - SE,SAO JOSE DOS CAMPOS,MOABE CURY,645,SAO JOSE DOS CAMPOS,CONJUNTO RESIDENCIAL ELMANO VELOSO,SAO JOSE DOS CAMPOS,12234701,RUA,AVELINO ALVES DA SILVA ,101,12.0,39661439.0,39661988.0,E047934A@EDUCACAO.SP.GOV.BR
65,ESTADUAL - SE,SAO JOSE DOS CAMPOS,NAJLA JAMILE SANTOS MACHADO DE ARAUJO PROFESSORA,645,SAO JOSE DOS CAMPOS,CONJUNTO RESIDENCIAL DOM PEDRO I,SAO JOSE DOS CAMPOS,12232842,RUA,OSVALDO ORLANDO DA COSTA ,352,12.0,39661770.0,,E921282A@EDUCACAO.SP.GOV.BR
66,ESTADUAL - SE,SAO JOSE DOS CAMPOS,NELSON DO NASCIMENTO MONTEIRO PROFESSOR,645,SAO JOSE DOS CAMPOS,CONJUNTO RESIDENCIAL TRINTA E UM DE MARCO,SAO JOSE DOS CAMPOS,12237750,PARQUE INDUSTRIAL,HERMENEGILDO SCARENSI ,91,12.0,39315844.0,,E042328A@EDUCACAO.SP.GOV.BR
67,ESTADUAL - SE,SAO JOSE DOS CAMPOS,NELSON FERREIRA DA SILVA PROFESSOR,645,SAO JOSE DOS CAMPOS,BOSQUE DOS EUCALIPTOS,SAO JOSE DOS CAMPOS,12233610,RUA,WLADIMIR HERZOG ,400,12.0,39361140.0,39361900.0,E901556A@EDUCACAO.SP.GOV.BR
68,ESTADUAL - SE,SAO JOSE DOS CAMPOS,NILCE CONCEICAO DE LIMA PROFESSORA,645,SAO JOSE DOS CAMPOS,JARDIM SAO LEOPOLDO,SAO JOSE DOS CAMPOS,12228190,AVENIDA,RUA NATALIO ANGELO STABELI,84,12.0,39441582.0,,E922857A@EDUCACAO.SP.GOV.BR
69,ESTADUAL - SE,SAO JOSE DOS CAMPOS,OLIMPIO CATAO,645,SAO JOSE DOS CAMPOS,CENTRO,SAO JOSE DOS CAMPOS,12210090,PRACA,PRACA AFONSO PENA,SN,12.0,39220729.0,,E013626A@EDUCACAO.SP.GOV.BR
70,ESTADUAL - SE,SAO JOSE DOS CAMPOS,PEDRO MASCARENHAS DOUTOR,645,SAO JOSE DOS CAMPOS,EUGENIO DE MELLO,EUGENIO DE MELO,12247000,RUA,AMBROSIO MOLINA ,306,12.0,39051361.0,39051862.0,E013596A@EDUCACAO.SP.GOV.BR
71,ESTADUAL - SE,SAO JOSE DOS CAMPOS,PEDRO MAZZA PROFESSOR,645,SAO JOSE DOS CAMPOS,JARDIM DA GRANJA,SAO JOSE DOS CAMPOS,12227200,RUA,ODETE MIMESSI ,160,12.0,39227990.0,39234623.0,E013584A@EDUCACAO.SP.GOV.BR
72,ESTADUAL - SE,SAO JOSE DOS CAMPOS,RONDON MARECHAL,645,SAO JOSE DOS CAMPOS,MONTE CASTELO,SAO JOSE DOS CAMPOS,12215170,PRACA,FRANCISCO ESCOBAR ,165,12.0,39218626.0,,E013912A@EDUCACAO.SP.GOV.BR
73,ESTADUAL - SE,SAO JOSE DOS CAMPOS,RUI RODRIGUES DORIA DOUTOR,645,SAO JOSE DOS CAMPOS,VILA ALEXANDRINA,SAO JOSE DOS CAMPOS,12211290,RUA,OLIVO GOMES ,329,12.0,39220438.0,,E013924A@EDUCACAO.SP.GOV.BR
74,ESTADUAL - SE,SAO JOSE DOS CAMPOS,RUTH COUTINHO SOBREIRO PROFESSORA,645,SAO JOSE DOS CAMPOS,JARDIM SANTA INES II,SAO JOSE DOS CAMPOS,12248511,RUA,JOSE ALVES DE PAIVA ,530,12.0,39126477.0,39295433.0,E902548A@EDUCACAO.SP.GOV.BR
75,ESTADUAL - SE,SAO JOSE DOS CAMPOS,SANT ANA DO PARAIBA,645,SAO JOSE DOS CAMPOS,SANTANA,SAO JOSE DOS CAMPOS,12211740,RUA,GUARANI ,130,12.0,39216870.0,39217261.0,E013651A@EDUCACAO.SP.GOV.BR
76,ESTADUAL - SE,SAO JOSE DOS CAMPOS,SONIA MARIA ALEXANDRE PEREIRA PROFESSORA,645,SAO JOSE DOS CAMPOS,JARDIM TORRAO DE OURO,SAO JOSE DOS CAMPOS,12229010,RUA,WALDEMAR TEIXEIRA ,1000,12.0,39332100.0,39445447.0,E351064A@EDUCACAO.SP.GOV.BR
77,ESTADUAL - SE,SAO JOSE DOS CAMPOS,SUELY ANTUNES DE MELLO PROFESSORA,645,SAO JOSE DOS CAMPOS,CENTRO,SAO JOSE DOS CAMPOS,12210250,RUA,SIQUEIRA CAMPOS ,845,12.0,39213944.0,39229848.0,E013894A@EDUCACAO.SP.GOV.BR
78,ESTADUAL - SE,SAO JOSE DOS CAMPOS,UBIRAJARA BERNA DE CHIARA UBIRAJARA BRASIL,645,SAO JOSE DOS CAMPOS,JARDIM DAS FLORES,EUGENIO DE MELO,12247650,RUA,FLOR DE LIS ,113,12.0,39051011.0,39051511.0,E901573P@EDUCACAO.SP.GOV.BR
79,ESTADUAL - SE,SAO JOSE DOS CAMPOS,VALMAR LOURENCO SANTIAGO PROFESSOR,645,SAO JOSE DOS CAMPOS,CAMPOS DE SAO JOSE,SAO JOSE DOS CAMPOS,12226553,AVENIDA,RUA DANTAS LUIS DO PRADO ,345,12.0,39022440.0,39022460.0,E020874A@EDUCACAO.SP.GOV.BR
80,ESTADUAL - SE,SAO JOSE DOS CAMPOS,WILMA RAGAZZI BOCCARDO PROFESSORA,645,SAO JOSE DOS CAMPOS,PARQUE INDUSTRIAL,SAO JOSE DOS CAMPOS,12235681,RUA,BACABAL ,3550,12.0,39314670.0,39319553.0,E013778A@EDUCACAO.SP.GOV.BR
81,ESTADUAL - SE,SAO JOSE DOS CAMPOS,XENOFONTE STRABAO DE CASTRO PROFESSOR,645,SAO JOSE DOS CAMPOS,JARDIM SANTA INES I,SAO JOSE DOS CAMPOS,12248490,RUA,ABELARDO ALVES DE PAIVA ,53,12.0,39120580.0,39293031.0,E917266A@EDUCACAO.SP.GOV.BR
82,ESTADUAL - SE,SAO JOSE DOS CAMPOS,YOSHIYA TAKAOKA,645,SAO JOSE DOS CAMPOS,VILA PAIVA,SAO JOSE DOS CAMPOS,12213350,RUA,JOSE BONIFACIO DE ARANTES ,272,12.0,39223330.0,39234743.0,E013648A@EDUCACAO.SP.GOV.BR
83,ESTADUAL - SE,SAO JOSE DOS CAMPOS,ZILAH FERREIRA VIAGI PASSARELLI DE CAMPOS PROFESSORA,645,SAO JOSE DOS CAMPOS,BOSQUE DOS EUCALIPTOS,SAO JOSE DOS CAMPOS,12233490,RUA,VOTUPORANGA ,326,12.0,39361080.0,997686792.0,E919724A@EDUCACAO.SP.GOV.BR
84,ESTADUAL - SE,SAO JOSE DOS CAMPOS,ZILDA ALTIMIRA SOCI PROFESSORA,645,SAO JOSE DOS CAMPOS,BOA VISTA,SAO JOSE DOS CAMPOS,12213690,LARGO,LARGO DA BOA VISTA,480,12.0,39225090.0,39234690.0,E013500A@EDUCACAO.SP.GOV.BR
