Nome dependencia Administrativa;Codigo Rede;Diretoria de ensino;Categoria;Tipo Escola;Codigo_Escola;Codigo_MEC;Nome_Escola;Codigo_Municipio;Municipio;Bairro;Codigo_Distrito;Distrito;CEP;Complemento;Endereco;Numero;Ddd;Fone1;Fone2;Email;Zona;Creche;Pre;1º Ano Ef;2º Ano Ef;3º Ano Ef;4º Ano Ef;5º Ano Ef;6º Ano Ef;7º Ano Ef;8º Ano Ef;9º Ano Ef;1ª Serie Em;2ª Serie Em;3ª Serie Em;4ª Serie Em;Ns EM;Educ.Prof;Educ.Prof_Ead;Eja 1ª a 4ª Ef;Eja Semi 1ª a 4ª Ef;Eja Ead 1ª a 4ª Ef;Eja 5ª a 8ª Ef;Eja Semi 5ª a 8ª Ef;Eja Ead 5ª a 8ª Ef;Eja Em;Eja Semi Em;Eja Ead Em;Eja Projovem Urbano Ef;Eja FIC Prof Ef;Eja FIC Em;Eja FIC Prof Em;Educ.Especial;Ativ_complementar;AEE;Cl-Creche;Cl-Pre;Cl-1º Ano Ef;Cl-2º Ano Ef;Cl-3º Ano Ef;Cl-4º Ano Ef;Cl-5º Ano Ef;Cl-6º Ano Ef;Cl-7º Ano Ef;Cl-8º Ano Ef;Cl-9º Ano Ef;Cl-1ª Serie Em;Cl-2ª Serie Em;Cl-3ª Serie Em;Cl-4ª Serie Em;Cl-Ns EM;Cl-Educ.Prof;Cl-Educ.Prof_Ead;Cl-Eja 1ª a 4ª Ef;Cl-Eja Semi 1ª a 4ª Ef;Cl-Eja Ead 1ª a 4ª Ef;Cl-Eja 5ª a 8ª Ef;Cl-Eja Semi 5ª a 8ª Ef;Cl-Eja Ead 5ª a 8ª Ef;Cl-Eja Em;Cl-Eja Semi Em;Cl-Eja Ead Em;Cl-Eja Projovem Urbano Ef;Cl-Eja FIC Em;Cl-Eja FIC Prof Ef;Cl-Eja FIC Prof Em;Cl-Educ.Especial;Cl-Ativ_complementar;Cl-AEE
MUNICIPAL;20205;SAO JOSE DOS CAMPOS;1;0;90025;35090025;ALADIR MAIA RIBEIRO GOMES NEI;645;SAO JOSE DOS CAMPOS;JARDIM SATELITE;1;SAO JOSE DOS CAMPOS;12230060;RUA;PORTO NOVO ;45;12;39316902;;NEIALADIR@SJC.SP.GOV.BR;1;32;72;0;0;0;0;0;0;0;0;0;0;0;0;0;0;0;0;0;0;0;0;0;0;0;0;0;0;0;0;0;0;0;0;2;5;0;0;0;0;0;0;0;0;0;0;0;0;0;0;0;0;0;0;0;0;0;0;0;0;0;0;0;0;0;0;0;0
MUNICIPAL;20205;SAO JOSE DOS CAMPOS;1;0;92236;35092236;ALTO DA PONTE NEI;645;SAO JOSE DOS CAMPOS;ALTO DA PONTE;1;SAO JOSE DOS CAMPOS;12212430;RUA;ITARARE ;116;12;39416097;;EMEIPADREBONAFE@SJC.SP.GOV.BR;1;12;69;0;0;0;0;0;0;0;0;0;0;0;0;0;0;0;0;0;0;0;0;0;0;0;0;0;0;0;0;0;0;0;0;1;4;0;0;0;0;0;0;0;0;0;0;0;0;0;0;0;0;0;0;0;0;0;0;0;0;0;0;0;0;0;0;0;0
MUNICIPAL;20205;SAO JOSE DOS CAMPOS;1;0;241982;35241982;ALVARO GONCALVES PROF EMEF;645;SAO JOSE DOS CAMPOS;CAMPO DOS ALEMAES;1;SAO JOSE DOS CAMPOS;12239740;RUA;RUA ALBERTINA PEREIRA LIMA;151;12;39660324;39661278;EMEFALVAROGONCALVES@SJC.SP.GOV.BR;1;0;0;90;82;90;90;90;90;90;90;89;0;0;0;0;0;0;0;0;0;0;0;0;0;0;0;0;0;0;0;0;0;393;13;0;0;4;4;6;5;5;6;3;4;4;0;0;0;0;0;0;0;0;0;0;0;0;0;0;0;0;0;0;0;0;0;28;2
MUNICIPAL;20205;SAO JOSE DOS CAMPOS;1;0;56790;35056790;ANA BERLING MACEDO PROFA EMEF;645;SAO JOSE DOS CAMPOS;ALTO DA PONTE;1;SAO JOSE DOS CAMPOS;12212500;RUA;RUA ALZIRO LEBRAO;318;12;39216839;;EMEFANABERLING@SJC.SP.GOV.BR;1;0;0;91;90;71;90;60;90;88;90;119;0;0;0;0;0;0;0;49;0;0;127;0;0;0;0;0;0;0;0;0;0;145;16;0;0;6;4;4;5;3;4;4;6;7;0;0;0;0;0;0;0;2;0;0;6;0;0;0;0;0;0;0;0;0;0;14;2
MUNICIPAL;20205;SAO JOSE DOS CAMPOS;1;0;62467;35062467;ANA ISABEL BARBOSA PROFA NEI;645;SAO JOSE DOS CAMPOS;BUQUIRINHA;1;SAO JOSE DOS CAMPOS;12213790;RUA;BENEDITO DE OLIVEIRA E SILVA ;115;12;39481313;;NEIANAISABEL@SJC.SP.GOV.BR;1;21;118;0;0;0;0;0;0;0;0;0;0;0;0;0;0;0;0;0;0;0;0;0;0;0;0;0;0;0;0;0;0;0;0;2;6;0;0;0;0;0;0;0;0;0;0;0;0;0;0;0;0;0;0;0;0;0;0;0;0;0;0;0;0;0;0;0;0
MUNICIPAL;20205;SAO JOSE DOS CAMPOS;1;0;89624;35089624;ANA LUCIA DE CASTRO MICHELETO PROFA EMEI;645;SAO JOSE DOS CAMPOS;VILA TATETUBA;1;SAO JOSE DOS CAMPOS;12220140;RUA;PATATIVA ;200;12;39296843;;EMEIANALUCIA@SJC.SP.GOV.BR;1;121;183;0;0;0;0;0;0;0;0;0;0;0;0;0;0;0;0;0;0;0;0;0;0;0;0;0;0;0;0;0;0;0;0;6;7;0;0;0;0;0;0;0;0;0;0;0;0;0;0;0;0;0;0;0;0;0;0;0;0;0;0;0;0;0;0;0;0
MUNICIPAL;20205;SAO JOSE DOS CAMPOS;1;0;85170;35085170;ANGELA DE CASTRO FERNANDES LOPES PROFA EMEI;645;SAO JOSE DOS CAMPOS;PARQUE INDUSTRIAL;1;SAO JOSE DOS CAMPOS;12235650;RUA;TURIACU ;792;12;39318518;39334594;EMEIANGELADECASTRO@SJC.SP.GOV.BR;1;193;317;0;0;0;0;0;0;0;0;0;0;0;0;0;0;0;0;0;0;0;0;0;0;0;0;0;0;0;0;0;0;0;0;10;14;0;0;0;0;0;0;0;0;0;0;0;0;0;0;0;0;0;0;0;0;0;0;0;0;0;0;0;0;0;0;0;0
MUNICIPAL;20205;SAO JOSE DOS CAMPOS;1;0;225472;35225472;ANJELA MARIA DE SOUZA ALVES PROFA IMI;645;SAO JOSE DOS CAMPOS;CIDADE MORUMBI;1;SAO JOSE DOS CAMPOS;12236580;AVENIDA;BENEDITO BENTO ;80;12;39315466;;IMIANJELAMARIA@SJC.SP.GOV.BR;1;114;72;0;0;0;0;0;0;0;0;0;0;0;0;0;0;0;0;0;0;0;0;0;0;0;0;0;0;0;0;0;0;0;0;8;4;0;0;0;0;0;0;0;0;0;0;0;0;0;0;0;0;0;0;0;0;0;0;0;0;0;0;0;0;0;0;0;0
MUNICIPAL;20205;SAO JOSE DOS CAMPOS;1;0;78153;35078153;ANTONIO PALMA SOBRINHO PROF EMEF;645;SAO JOSE DOS CAMPOS;PARQUE NOVA ESPERANCA;1;SAO JOSE DOS CAMPOS;12226170;RUA;ANGELO SCARPEL ;163;12;39071124;39073939;EMEFANTONIOPALMA@SJC.SP.GOV.BR;1;0;0;90;98;106;96;105;105;93;90;121;0;0;0;0;0;0;0;36;0;0;112;0;0;0;0;0;0;0;0;0;0;207;21;0;0;4;5;6;4;3;6;5;6;7;0;0;0;0;0;0;0;2;0;0;6;0;0;0;0;0;0;0;0;0;0;12;2
MUNICIPAL;20205;SAO JOSE DOS CAMPOS;1;0;89618;35089618;ARLINDO CAETANO FILHO PROF EMEI;645;SAO JOSE DOS CAMPOS;CONJUNTO RESIDENCIAL TRINTA E UM DE MARCO;1;SAO JOSE DOS CAMPOS;12237200;RUA;VALDEMIR DE OLIVEIRA ;42;12;39311684;;EMEIARLINDOCAETANO@SJC.SP.GOV.BR;1;162;280;0;0;0;0;0;0;0;0;0;0;0;0;0;0;0;0;0;0;0;0;0;0;0;0;0;0;0;0;0;0;0;0;9;16;0;0;0;0;0;0;0;0;0;0;0;0;0;0;0;0;0;0;0;0;0;0;0;0;0;0;0;0;0;0;0;0
MUNICIPAL;20205;SAO JOSE DOS CAMPOS;1;0;225125;35225125;ARMILINDA LOCATELLI DE MACEDO IMI;645;SAO JOSE DOS CAMPOS;VILA TESOURO;1;SAO JOSE DOS CAMPOS;12221560;RUA;VITORIO CARNEVALLI ;176;12;39295149;;IMIARMILINDALOCATELLI@SJC.SP.GOV.BR;1;101;72;0;0;0;0;0;0;0;0;0;0;0;0;0;0;0;0;0;0;0;0;0;0;0;0;0;0;0;0;0;0;0;0;5;4;0;0;0;0;0;0;0;0;0;0;0;0;0;0;0;0;0;0;0;0;0;0;0;0;0;0;0;0;0;0;0;0
MUNICIPAL;20205;SAO JOSE DOS CAMPOS;1;0;233304;35233304;ARTUR APARECIDO DA ROSA EMEI;645;SAO JOSE DOS CAMPOS;JARDIM SAO JUDAS TADEU;1;SAO JOSE DOS CAMPOS;12228370;AVENIDA;VICENTE DE PAULO SAO;SN;12;39441765;;PLANEJAMENTOESCOLAR@SJC.SP.GOV.BR;1;40;170;0;0;0;0;0;0;0;0;0;0;0;0;0;0;0;0;0;0;0;0;0;0;0;0;0;0;0;0;0;0;0;0;2;11;0;0;0;0;0;0;0;0;0;0;0;0;0;0;0;0;0;0;0;0;0;0;0;0;0;0;0;0;0;0;0;0
MUNICIPAL;20205;SAO JOSE DOS CAMPOS;1;0;56820;35056820;AUREA CANTINHO RODRIGUES PROFA EMEF;645;SAO JOSE DOS CAMPOS;JARDIM OSWALDO CRUZ;1;SAO JOSE DOS CAMPOS;12216600;RUA;IRAN ;135;12;39218765;39428011;EMEFAUREACANTINHO@SJC.SP.GOV.BR;1;0;0;63;60;64;61;62;90;90;95;95;0;0;0;0;0;0;0;58;0;0;217;0;0;0;0;0;0;0;0;0;0;140;18;0;0;4;4;4;3;4;4;6;6;6;0;0;0;0;0;0;0;3;0;0;11;0;0;0;0;0;0;0;0;0;0;10;2
MUNICIPAL;20205;SAO JOSE DOS CAMPOS;1;0;455301;35455301;BAIRRO DOS FREITAS NEI DO;645;SAO JOSE DOS CAMPOS;FREITAS;1;SAO JOSE DOS CAMPOS;12214422;ESTRADA MUNICIPAL;JOSE BENEDITO DE OLIVEIRA ;1938;12;39482834;;NEIBAIRRODOSFREITAS@SJC.SP.GOV.BR;1;15;37;0;0;0;0;0;0;0;0;0;0;0;0;0;0;0;0;0;0;0;0;0;0;0;0;0;0;0;0;0;0;0;0;1;2;0;0;0;0;0;0;0;0;0;0;0;0;0;0;0;0;0;0;0;0;0;0;0;0;0;0;0;0;0;0;0;0
MUNICIPAL;20205;SAO JOSE DOS CAMPOS;1;0;659666;35659666;BAIRRO SAO BENEDITO EMEF;466;MONTEIRO LOBATO;SAO BENEDITO;1;MONTEIRO LOBATO;12250000;PRACA;RODVIA SP KM 50;SN;12;39791345;;ESCOLAFUNDAMENTAL@MONTEIROLOBATO.SP.GOV.BR;2;0;0;4;6;5;8;8;0;0;0;0;0;0;0;0;0;0;0;0;0;0;0;0;0;0;0;0;0;0;0;0;0;29;0;0;0;1;1;1;1;2;0;0;0;0;0;0;0;0;0;0;0;0;0;0;0;0;0;0;0;0;0;0;0;0;0;1;0
MUNICIPAL;20205;SAO JOSE DOS CAMPOS;1;0;225137;35225137;BENEDITO CARVALHO DOS SANTOS IMI;645;SAO JOSE DOS CAMPOS;VILA MARIA;1;SAO JOSE DOS CAMPOS;12209510;AVENIDA;TEOTONIO VILELA SENADOR;900;12;39215666;39225253;IMIBENEDITOCARVALHO@SJC.SP.GOV.BR;1;130;75;0;0;0;0;0;0;0;0;0;0;0;0;0;0;0;0;0;0;0;0;0;0;0;0;0;0;0;0;0;0;0;0;7;4;0;0;0;0;0;0;0;0;0;0;0;0;0;0;0;0;0;0;0;0;0;0;0;0;0;0;0;0;0;0;0;0
MUNICIPAL;20205;SAO JOSE DOS CAMPOS;1;0;82995;35082995;CASSIANO RICARDO EMEI;645;SAO JOSE DOS CAMPOS;VILA ADYANA;1;SAO JOSE DOS CAMPOS;12243750;RUA;PRUDENTE MEIRELES DE MORAIS ENGENHEIRO;1000;12;39211117;;EMEICASSIANORICARDO@SJC.SP.GOV.BR;1;149;348;0;0;0;0;0;0;0;0;0;0;0;0;0;0;0;0;0;0;0;0;0;0;0;0;0;0;0;0;0;0;0;8;8;18;0;0;0;0;0;0;0;0;0;0;0;0;0;0;0;0;0;0;0;0;0;0;0;0;0;0;0;0;0;0;0;2
MUNICIPAL;20205;SAO JOSE DOS CAMPOS;1;0;89606;35089606;CLEANIR SANTOS MALDONADO CAMPOY PROFA NEI;645;SAO JOSE DOS CAMPOS;JARDIM AEROPORTO;1;SAO JOSE DOS CAMPOS;12231140;RUA;NORUEGA ;726;12;39229394;;NEICLEANIRSANTOS@SJC.SP.GOV.BR;1;51;58;0;0;0;0;0;0;0;0;0;0;0;0;0;0;0;0;0;0;0;0;0;0;0;0;0;0;0;0;0;0;0;0;3;3;0;0;0;0;0;0;0;0;0;0;0;0;0;0;0;0;0;0;0;0;0;0;0;0;0;0;0;0;0;0;0;0
MUNICIPAL;20205;SAO JOSE DOS CAMPOS;1;0;89631;35089631;CREMILDA ALVES DE OLIVEIRA AZEVEDO PROFA NEI;645;SAO JOSE DOS CAMPOS;VILA NOVA CRISTINA;1;SAO JOSE DOS CAMPOS;12211135;RUA;DURVALINA ISAURA CONCEICAO DOS SANTOS ;242;12;39423139;;EMEICREMILDAALVES@SJC.SP.GOV.BR;1;84;52;0;0;0;0;0;0;0;0;0;0;0;0;0;0;0;0;0;0;0;0;0;0;0;0;0;0;0;0;0;0;0;0;5;2;0;0;0;0;0;0;0;0;0;0;0;0;0;0;0;0;0;0;0;0;0;0;0;0;0;0;0;0;0;0;0;0
MUNICIPAL;20205;SAO JOSE DOS CAMPOS;1;0;225484;35225484;DIMEIA MARIA FERREIRA DINIZ ENDO PROFA INST MATERNO INFANTIL;645;SAO JOSE DOS CAMPOS;CAMPO DOS ALEMAES;1;SAO JOSE DOS CAMPOS;12239170;RUA;NELSON JOSE DE CARVALHO FERREIRA ;91;12;39661605;;IMIDIMEIAMARIA@SJC.SP.GOV.BR;1;103;70;0;0;0;0;0;0;0;0;0;0;0;0;0;0;0;0;0;0;0;0;0;0;0;0;0;0;0;0;0;0;0;0;5;4;0;0;0;0;0;0;0;0;0;0;0;0;0;0;0;0;0;0;0;0;0;0;0;0;0;0;0;0;0;0;0;0
MUNICIPAL;20205;SAO JOSE DOS CAMPOS;1;0;96600;35096600;DOMINGOS DE MACEDO CUSTODIO PROF EMEI;645;SAO JOSE DOS CAMPOS;VILA TESOURO;1;SAO JOSE DOS CAMPOS;12221470;RUA;JOSE DE MOURA RESENDE DOUTOR;372;12;39292325;;EMEIDOMINGOSDEMACEDO@SJC.SP.GOV.BR;1;224;205;0;0;0;0;0;0;0;0;0;0;0;0;0;0;0;0;0;0;0;0;0;0;0;0;0;0;0;0;0;0;0;0;11;11;0;0;0;0;0;0;0;0;0;0;0;0;0;0;0;0;0;0;0;0;0;0;0;0;0;0;0;0;0;0;0;0
MUNICIPAL;20205;SAO JOSE DOS CAMPOS;1;0;90153;35090153;DOROTI DA SILVA CUNHA NEI;645;SAO JOSE DOS CAMPOS;JARDIM SANTA INES I;1;SAO JOSE DOS CAMPOS;12248490;RUA;ABELARDO ALVES DE PAIVA ;300;12;39291928;;NEIDOROTIDASILVA@SJC.SP.GOV.BR;1;116;192;0;0;0;0;0;0;0;0;0;0;0;0;0;0;0;0;0;0;0;0;0;0;0;0;0;0;0;0;0;0;0;0;6;9;0;0;0;0;0;0;0;0;0;0;0;0;0;0;0;0;0;0;0;0;0;0;0;0;0;0;0;0;0;0;0;0
MUNICIPAL;20205;SAO JOSE DOS CAMPOS;1;0;227900;35227900;DOSULINA CHENQUE CHAVES DE ANDRADE PROFA EMEF;645;SAO JOSE DOS CAMPOS;JARDIM ALTOS DE SANTANA;1;SAO JOSE DOS CAMPOS;12214000;AVENIDA;PICO DAS AGULHAS NEGRAS ;1594;12;39216448;;EMEFDOSULINA@SJC.SP.GOV.BR;1;0;0;104;104;110;94;70;140;104;121;105;0;0;0;0;0;0;0;0;0;0;0;0;0;0;0;0;0;0;0;0;0;151;19;0;0;4;6;6;6;3;7;5;7;6;0;0;0;0;0;0;0;0;0;0;0;0;0;0;0;0;0;0;0;0;0;11;2
MUNICIPAL;20205;SAO JOSE DOS CAMPOS;1;0;347607;35347607;EDERA IRENE PEREIRA DE OLIVEIRA CARDOSO PROFA EMEI;645;SAO JOSE DOS CAMPOS;JARDIM PARAISO DO SOL;1;SAO JOSE DOS CAMPOS;12225250;RUA;RUA LUIS ANTONIO RIBEIRO DE MACEDO;330;12;39071481;39072133;EMEIEDERAIRENE@SJC.SP.GOV.BR;1;178;347;0;0;0;0;0;0;0;0;0;0;0;0;0;0;0;0;0;0;0;0;0;0;0;0;0;0;0;0;0;0;0;16;8;18;0;0;0;0;0;0;0;0;0;0;0;0;0;0;0;0;0;0;0;0;0;0;0;0;0;0;0;0;0;0;0;2
MUNICIPAL;20205;SAO JOSE DOS CAMPOS;1;0;281670;35281670;ELIZABETE DE PAULA HONORATO PROFA EMEF;645;SAO JOSE DOS CAMPOS;JARDIM MARIANA I;1;SAO JOSE DOS CAMPOS;12226854;RUA;AURELIO PORTILHO CASTELLANOS ;124;12;39129467;;EMEFELIZABETEPAULA@SJC.SP.GOV.BR;1;0;0;76;78;96;133;136;100;103;135;103;0;0;0;0;0;0;0;30;0;0;69;0;0;0;0;0;0;0;0;0;0;235;18;0;0;4;6;5;6;7;5;4;6;4;0;0;0;0;0;0;0;1;0;0;4;0;0;0;0;0;0;0;0;0;0;16;2
MUNICIPAL;20205;SAO JOSE DOS CAMPOS;1;0;231113;35231113;ELIZABETH COELHO MICHELLETO EMEF;466;MONTEIRO LOBATO;CENTRO;1;MONTEIRO LOBATO;12250000;PRACA;RUA HUMBERTO CAPELLI;221;12;39791345;;ESCOLAFUNDAMENTALO@MONTEIROLOBATO.SP.GOV.BR;1;0;0;49;43;58;58;52;0;0;0;0;0;0;0;0;0;0;0;0;0;0;0;0;0;0;0;0;0;0;0;0;0;97;10;0;0;3;4;6;4;4;0;0;0;0;0;0;0;0;0;0;0;0;0;0;0;0;0;0;0;0;0;0;0;0;0;4;2
MUNICIPAL;20205;SAO JOSE DOS CAMPOS;1;0;89597;35089597;ELZA FERREIRA RAHAL PROFA NEI;645;SAO JOSE DOS CAMPOS;VILA MARIA;1;SAO JOSE DOS CAMPOS;12209250;RUA;PARANA ;111;12;39091074;;EMEIELZAFERREIRA@SJC.SP.GOV.BR;1;72;92;0;0;0;0;0;0;0;0;0;0;0;0;0;0;0;0;0;0;0;0;0;0;0;0;0;0;0;0;0;0;0;6;5;5;0;0;0;0;0;0;0;0;0;0;0;0;0;0;0;0;0;0;0;0;0;0;0;0;0;0;0;0;0;0;0;2
MUNICIPAL;20205;SAO JOSE DOS CAMPOS;1;0;96611;35096611;ELZA MARIA DIAS MENDONCA PROFA NEI;645;SAO JOSE DOS CAMPOS;MONTE CASTELO;1;SAO JOSE DOS CAMPOS;12215170;PRACA;FRANCISCO ESCOBAR ;103;12;39235216;;NEIELZAMARIA@SJC.SP.GOV.BR;1;83;118;0;0;0;0;0;0;0;0;0;0;0;0;0;0;0;0;0;0;0;0;0;0;0;0;0;0;0;0;0;0;0;0;5;7;0;0;0;0;0;0;0;0;0;0;0;0;0;0;0;0;0;0;0;0;0;0;0;0;0;0;0;0;0;0;0;0
MUNICIPAL;20205;SAO JOSE DOS CAMPOS;1;0;90050;35090050;ELZA REGINA FERREIRA BEVILACQUA PROFA EMEF;645;SAO JOSE DOS CAMPOS;JARDIM ESTORIL;1;SAO JOSE DOS CAMPOS;12232040;RUA;BRENO DE MOURA ;SN;12;39166420;39167020;EMEFELZAREGINA@SJC.SP.GOV.BR;1;0;0;90;60;60;90;60;90;90;90;90;0;0;0;0;0;0;0;0;0;0;0;0;0;0;0;0;0;0;0;0;4;111;19;0;0;5;3;4;6;3;6;4;5;4;0;0;0;0;0;0;0;0;0;0;0;0;0;0;0;0;0;0;0;0;1;10;2
MUNICIPAL;20205;SAO JOSE DOS CAMPOS;1;0;581297;35581297;EMEF EMMANUEL ANTONIO DOS SANTOS;645;SAO JOSE DOS CAMPOS;RESIDENCIAL FREI GALVAO;1;SAO JOSE DOS CAMPOS;12248701;RUA;RUA DAS CEREJAS;150;12;39298970;;EMEFEMMANUELANTONIO@SJC.SP.GOV.BR;1;0;0;48;28;30;51;32;25;25;36;30;0;0;0;0;0;0;0;0;0;0;0;0;0;0;0;0;0;0;0;0;0;100;5;0;0;3;1;1;3;2;1;2;3;2;0;0;0;0;0;0;0;0;0;0;0;0;0;0;0;0;0;0;0;0;0;15;2
MUNICIPAL;20205;SAO JOSE DOS CAMPOS;1;0;447547;35447547;EMEF PROFESSORA MERCEDES MARIA PEROTTI ;645;SAO JOSE DOS CAMPOS;RIO COMPRIDO;1;SAO JOSE DOS CAMPOS;12238000;AVENIDA;RUA SAO FRANCISCO ;181;12;39311428;;EMEFRIOCOMPRIDO@SJC.SP.GOV.BR;1;0;0;26;26;31;27;26;0;0;0;0;0;0;0;0;0;0;0;0;0;0;0;0;0;0;0;0;0;0;0;0;0;148;0;0;0;2;2;2;2;1;0;0;0;0;0;0;0;0;0;0;0;0;0;0;0;0;0;0;0;0;0;0;0;0;0;17;0
MUNICIPAL;20205;SAO JOSE DOS CAMPOS;1;0;658820;35658820;EMILIA NUCLEO DE EDUCACAO INFANTIL ;466;MONTEIRO LOBATO;CENTRO;1;MONTEIRO LOBATO;12250000;BAIRRO SOUZAS;AVENIDA SANTA RITA E CASSIA;SN;12;39791268;39794145;ESCOLAINFANTIL@MONTEIROLOBATO.SP.GOV.BR;2;6;12;0;0;0;0;0;0;0;0;0;0;0;0;0;0;0;0;0;0;0;0;0;0;0;0;0;0;0;0;0;0;0;0;1;1;0;0;0;0;0;0;0;0;0;0;0;0;0;0;0;0;0;0;0;0;0;0;0;0;0;0;0;0;0;0;0;0
MUNICIPAL;20205;SAO JOSE DOS CAMPOS;1;0;91534;35091534;EUGENIO DE MELO NEI;645;SAO JOSE DOS CAMPOS;EUGENIO DE MELLO;2;EUGENIO DE MELO;12247160;RUA;ELOY PORTO ;120;12;39052153;;NEIEUGENIOMELO@SJC.SP.GOV.BR;1;34;60;0;0;0;0;0;0;0;0;0;0;0;0;0;0;0;0;0;0;0;0;0;0;0;0;0;0;0;0;0;0;0;0;2;3;0;0;0;0;0;0;0;0;0;0;0;0;0;0;0;0;0;0;0;0;0;0;0;0;0;0;0;0;0;0;0;0
MUNICIPAL;20205;SAO JOSE DOS CAMPOS;1;0;90049;35090049;FEBRONIO PEREIRA GOMES EMEI;645;SAO JOSE DOS CAMPOS;PARQUE NOVO HORIZONTE;1;SAO JOSE DOS CAMPOS;12225700;RUA;CARTEIROS ;50;12;39071439;;EMEIFEBRONIOPEREIRA@SJC.SP.GOV.BR;1;0;494;0;0;0;0;0;0;0;0;0;0;0;0;0;0;0;0;0;0;0;0;0;0;0;0;0;0;0;0;0;0;0;0;0;28;0;0;0;0;0;0;0;0;0;0;0;0;0;0;0;0;0;0;0;0;0;0;0;0;0;0;0;0;0;0;0;0
MUNICIPAL;20205;SAO JOSE DOS CAMPOS;1;0;497435;35497435;FERNANDO TAO DE AZEVEDO INSTITUTO MATERNO INFANTIL;645;SAO JOSE DOS CAMPOS;JARDIM SATELITE;1;SAO JOSE DOS CAMPOS;12230130;RUA;BAMBUI ;25;12;39318990;;IMIFERNANDOTAO@SJC.SP.GOV.BR;1;159;119;0;0;0;0;0;0;0;0;0;0;0;0;0;0;0;0;0;0;0;0;0;0;0;0;0;0;0;0;0;0;0;0;8;7;0;0;0;0;0;0;0;0;0;0;0;0;0;0;0;0;0;0;0;0;0;0;0;0;0;0;0;0;0;0;0;0
MUNICIPAL;20205;SAO JOSE DOS CAMPOS;1;0;91558;35091558;FLAVIO BERLING MACEDO PROF EMEF;645;SAO JOSE DOS CAMPOS;VL MARIA;1;SAO JOSE DOS CAMPOS;12209250;RUA;R PARANA;111;12;39091070;;EMEFFLAVIOBERLING@SJC.SP.GOV.BR;1;0;0;0;0;0;0;0;0;0;0;0;0;0;0;0;0;0;0;205;0;0;135;0;0;0;0;0;0;0;0;0;0;0;0;0;0;0;0;0;0;0;0;0;0;0;0;0;0;0;0;0;0;10;0;0;6;0;0;0;0;0;0;0;0;0;0;0;0
MUNICIPAL;20205;SAO JOSE DOS CAMPOS;1;0;225149;35225149;FLAVIO LENZI IMI;645;SAO JOSE DOS CAMPOS;VILA TATETUBA;1;SAO JOSE DOS CAMPOS;12220220;PRACA;GAIVOTAS ;535;12;39123027;;IMIFLAVIOLENZI@SJC.SP.GOV.BR;1;100;48;0;0;0;0;0;0;0;0;0;0;0;0;0;0;0;0;0;0;0;0;0;0;0;0;0;0;0;0;0;0;0;0;5;2;0;0;0;0;0;0;0;0;0;0;0;0;0;0;0;0;0;0;0;0;0;0;0;0;0;0;0;0;0;0;0;0
MUNICIPAL;20205;SAO JOSE DOS CAMPOS;1;0;227912;35227912;GERALDO DE ALMEIDA PROF EMEF;645;SAO JOSE DOS CAMPOS;CHACARAS POUSADA DO VALE;1;SAO JOSE DOS CAMPOS;12226763;RUA;RUA CAMOMILA;100;12;39292545;39294566;EMEFGERALDOALMEIDA@SJC.SP.GOV.BR;1;0;0;130;137;166;137;102;137;100;105;135;0;0;0;0;0;0;0;0;0;0;0;0;0;0;0;0;0;0;0;0;0;330;20;0;0;6;7;8;7;4;7;4;5;6;0;0;0;0;0;0;0;0;0;0;0;0;0;0;0;0;0;0;0;0;0;19;2
MUNICIPAL;20205;SAO JOSE DOS CAMPOS;1;0;571222;35571222;HELENA FERREIRA PROFESSORA IMI;645;SAO JOSE DOS CAMPOS;MONTE CASTELO;1;SAO JOSE DOS CAMPOS;12215580;RUA;WALDIR GAIOSO ;SN;;;;IMIHELENAFERREIRA@SJC.SP.GOV.BR;1;272;23;0;0;0;0;0;0;0;0;0;0;0;0;0;0;0;0;0;0;0;0;0;0;0;0;0;0;0;0;0;0;0;0;13;1;0;0;0;0;0;0;0;0;0;0;0;0;0;0;0;0;0;0;0;0;0;0;0;0;0;0;0;0;0;0;0;0
MUNICIPAL;20205;SAO JOSE DOS CAMPOS;1;0;564849;35564849;HELENA VAZ DE LIMA SOLIVA PROFA INSTITUTO MATERNO INFANTIL;645;SAO JOSE DOS CAMPOS;JARDIM SAO DIMAS;1;SAO JOSE DOS CAMPOS;12245000;AVENIDA;FRANCISCO JOSE LONGO ENGENHEIRO;526;12;39128383;;IMIHELENASOLIVA@SJC.SP.GOV.BR;1;122;105;0;0;0;0;0;0;0;0;0;0;0;0;0;0;0;0;0;0;0;0;0;0;0;0;0;0;0;0;0;0;0;0;6;7;0;0;0;0;0;0;0;0;0;0;0;0;0;0;0;0;0;0;0;0;0;0;0;0;0;0;0;0;0;0;0;0
MUNICIPAL;20205;SAO JOSE DOS CAMPOS;1;0;263904;35263904;HELIO AUGUSTO DE SOUZA CENTRO EDUC PROFISSSIONAL CEPHAS;645;SAO JOSE DOS CAMPOS;FLORADAS DE SAO JOSE;1;SAO JOSE DOS CAMPOS;12230084;RUA;RUA TSUNESSABURO MAKIGUTI;399;12;39335022;39341135;DIRCEPHAS@FUNDHAS.ORG.BR;1;0;0;0;0;0;0;0;0;0;0;0;0;0;0;0;0;749;0;0;0;0;0;0;0;0;0;0;0;0;0;0;0;0;0;0;0;0;0;0;0;0;0;0;0;0;0;0;0;0;0;45;0;0;0;0;0;0;0;0;0;0;0;0;0;0;0;0;0
MUNICIPAL;20205;SAO JOSE DOS CAMPOS;1;0;96672;35096672;HELIO AUGUSTO DE SOUZA PROF EMEF;645;SAO JOSE DOS CAMPOS;JARDIM VALPARAIBA;1;SAO JOSE DOS CAMPOS;12221371;PRACA;PRACA DOS MUSICOS;SN;12;39295996;;EMEFHELIOAUGUSTO@SJC.SP.GOV.BR;1;0;0;90;59;59;61;61;60;60;59;86;0;0;0;0;0;0;0;0;0;0;0;0;0;0;0;0;0;0;0;0;0;111;18;0;0;4;4;4;4;4;4;4;3;5;0;0;0;0;0;0;0;0;0;0;0;0;0;0;0;0;0;0;0;0;0;11;2
MUNICIPAL;20205;SAO JOSE DOS CAMPOS;1;0;495300;35495300;HELIO WALTER BEVILACQUA PROFESSOR EMEF;645;SAO JOSE DOS CAMPOS;JARDIM REPUBLICA;1;SAO JOSE DOS CAMPOS;12234831;RUA;RUA OSCAR FERREIRA DA SILVA;155;12;39392310;;EMEFHELIOBEVILACQUA@SJC.SP.BR;1;0;0;59;60;60;60;60;60;60;53;59;0;0;0;0;0;0;0;0;0;0;0;0;0;0;0;0;0;0;0;0;0;88;0;0;0;2;4;2;3;2;2;3;3;2;0;0;0;0;0;0;0;0;0;0;0;0;0;0;0;0;0;0;0;0;0;7;0
MUNICIPAL;20205;SAO JOSE DOS CAMPOS;1;0;359981;35359981;HOMERA DA SILVA BRAGA PROFA EMEF;645;SAO JOSE DOS CAMPOS;CIDADE MORUMBI;1;SAO JOSE DOS CAMPOS;12236450;RUA;JOAQUIM DE PAULA ;670;12;39379166;39379329;EMEFHOMERA@SJC.SP.GOV.BR;1;0;0;120;91;134;90;92;89;123;90;119;0;0;0;0;0;0;0;0;0;0;0;0;0;0;0;0;0;0;0;0;0;165;18;0;0;8;4;6;3;5;4;5;3;6;0;0;0;0;0;0;0;0;0;0;0;0;0;0;0;0;0;0;0;0;0;10;2
MUNICIPAL;20205;SAO JOSE DOS CAMPOS;1;0;89588;35089588;IDELENA MENEZES TREFILIO DE CARVALHO PROFA EMEI;645;SAO JOSE DOS CAMPOS;SANTANA;1;SAO JOSE DOS CAMPOS;12211115;AVENIDA;OLIVO GOMES ;590;12;39215770;;EMEIIDELENAMENEZES@SJC.SP.GOV.BR;1;119;297;0;0;0;0;0;0;0;0;0;0;0;0;0;0;0;0;0;0;0;0;0;0;0;0;0;0;0;0;0;0;0;8;5;13;0;0;0;0;0;0;0;0;0;0;0;0;0;0;0;0;0;0;0;0;0;0;0;0;0;0;0;0;0;0;0;2
MUNICIPAL;20205;SAO JOSE DOS CAMPOS;1;0;241994;35241994;ILDETE MENDONCA BARBOSA PROFA EMEF;645;SAO JOSE DOS CAMPOS;RESIDENCIAL UNIAO;1;SAO JOSE DOS CAMPOS;12239024;RUA;MIGUEL JANSEN FILHO DOUTOR;80;12;39661026;39661688;EMEFILDETEMENDONCA@SJC.SP.GOV.BR;1;0;0;122;90;123;120;95;98;84;120;122;0;0;0;0;0;0;0;0;0;0;0;0;0;0;0;0;0;0;0;0;0;152;12;0;0;5;6;5;6;4;5;5;7;7;0;0;0;0;0;0;0;0;0;0;0;0;0;0;0;0;0;0;0;0;0;13;2
MUNICIPAL;20205;SAO JOSE DOS CAMPOS;1;0;436999;35436999;ILGA PUSPLATAIS PROFA EMEF;645;SAO JOSE DOS CAMPOS;JARDIM ISMENIA;1;SAO JOSE DOS CAMPOS;12220690;RUA;UBERLANDIA ;465;12;39023695;;EMEFILGA@SJC.SP.GOV.BR;1;0;0;91;90;90;91;90;92;60;59;89;0;0;0;0;0;0;0;0;0;0;0;0;0;0;0;0;0;0;0;0;0;85;12;0;0;5;4;4;4;4;5;3;2;5;0;0;0;0;0;0;0;0;0;0;0;0;0;0;0;0;0;0;0;0;0;12;2
MUNICIPAL;20205;SAO JOSE DOS CAMPOS;1;0;90128;35090128;ILZA NASCIMENTO PINTUS PROFESSORA NEI;645;SAO JOSE DOS CAMPOS;CHACARAS REUNIDAS;1;SAO JOSE DOS CAMPOS;12238360;RUA;MIRACEMA ;SN;12;39343836;;NEICHACARASREUNIDAS@SJC.SP.GOV.BR;1;69;73;0;0;0;0;0;0;0;0;0;0;0;0;0;0;0;0;0;0;0;0;0;0;0;0;0;0;0;0;0;0;0;0;4;3;0;0;0;0;0;0;0;0;0;0;0;0;0;0;0;0;0;0;0;0;0;0;0;0;0;0;0;0;0;0;0;0
MUNICIPAL;20205;SAO JOSE DOS CAMPOS;1;0;582578;35582578;INST MATERNAL INF PROFA ELIANA DE OLIVEIRA SANTOS CRUZ;645;SAO JOSE DOS CAMPOS;RESIDENCIAL ARMANDO MOREIRA RIGHI;1;SAO JOSE DOS CAMPOS;12247806;RUA;CELSO NEGRAO ;150;12;39123793;;PLANEJAMENTOESCOLAR@SJC.SP.GOV.BR;1;147;0;0;0;0;0;0;0;0;0;0;0;0;0;0;0;0;0;0;0;0;0;0;0;0;0;0;0;0;0;0;0;0;0;7;0;0;0;0;0;0;0;0;0;0;0;0;0;0;0;0;0;0;0;0;0;0;0;0;0;0;0;0;0;0;0;0;0
MUNICIPAL;20205;SAO JOSE DOS CAMPOS;1;0;92253;35092253;IRACEMA OLIVEIRA DE MELLO EMEI;645;SAO JOSE DOS CAMPOS;JARDIM SANTO ONOFRE;1;SAO JOSE DOS CAMPOS;12228077;RUA;ROBERTO APARECIDO CRUZ ;60;12;39442328;;EMEIIRACEMAOLIVEIRA@SJC.SP.GOV.BR;1;0;453;0;0;0;0;0;0;0;0;0;0;0;0;0;0;0;0;0;0;0;0;0;0;0;0;0;0;0;0;0;0;0;0;0;18;0;0;0;0;0;0;0;0;0;0;0;0;0;0;0;0;0;0;0;0;0;0;0;0;0;0;0;0;0;0;0;0
MUNICIPAL;20205;SAO JOSE DOS CAMPOS;1;0;90136;35090136;JACYRA VIEIRA BARACHO PROFA EMEF;645;SAO JOSE DOS CAMPOS;JARDIM VENEZA;1;SAO JOSE DOS CAMPOS;12237060;RUA;FLORENCA ;100;12;39330650;39345407;EMEFJACYRABARACHO@SJC.SP.GOV.BR;1;0;0;84;95;90;93;60;95;90;90;91;0;0;0;0;0;0;0;0;0;0;0;0;0;0;0;0;0;0;0;0;0;344;8;0;0;3;3;4;5;3;4;5;5;6;0;0;0;0;0;0;0;0;0;0;0;0;0;0;0;0;0;0;0;0;0;21;2
MUNICIPAL;20205;SAO JOSE DOS CAMPOS;1;0;347590;35347590;JANE PALUMBO PROFA EMEI;645;SAO JOSE DOS CAMPOS;CONJUNTO RESIDENCIAL DOM PEDRO I;1;SAO JOSE DOS CAMPOS;12232610;RUA;RUA EDILSON SABINO DOS SANTOS;SN;12;39668339;;EMEIJANEPALUMBO@SJC.SP.GOV.BR;1;295;464;0;0;0;0;0;0;0;0;0;0;0;0;0;0;0;0;0;0;0;0;0;0;0;0;0;0;0;0;0;0;0;8;13;22;0;0;0;0;0;0;0;0;0;0;0;0;0;0;0;0;0;0;0;0;0;0;0;0;0;0;0;0;0;0;0;2
MUNICIPAL;20205;SAO JOSE DOS CAMPOS;1;0;90074;35090074;JARDIM MORUMBI NUCLEO DE EDUCACAO INFANTIL;645;SAO JOSE DOS CAMPOS;CIDADE MORUMBI;1;SAO JOSE DOS CAMPOS;12236740;AVENIDA;ELISIO GALDINO SOBRINHO ;40;12;39310002;;EMEIJARDIMMORUMBI@SJC.SP.GOV.BR;1;81;115;0;0;0;0;0;0;0;0;0;0;0;0;0;0;0;0;0;0;0;0;0;0;0;0;0;0;0;0;0;0;0;0;5;7;0;0;0;0;0;0;0;0;0;0;0;0;0;0;0;0;0;0;0;0;0;0;0;0;0;0;0;0;0;0;0;0
MUNICIPAL;20205;SAO JOSE DOS CAMPOS;1;0;225496;35225496;JESUS DE NAZARE IMI;645;SAO JOSE DOS CAMPOS;VILA SAO BENTO;1;SAO JOSE DOS CAMPOS;12231580;RUA;APA ;100;12;39222319;;IMIJESUSDENAZARE@SJC.SP.GOV.BR;1;142;74;0;0;0;0;0;0;0;0;0;0;0;0;0;0;0;0;0;0;0;0;0;0;0;0;0;0;0;0;0;0;0;0;9;4;0;0;0;0;0;0;0;0;0;0;0;0;0;0;0;0;0;0;0;0;0;0;0;0;0;0;0;0;0;0;0;0
MUNICIPAL;20205;SAO JOSE DOS CAMPOS;1;0;225502;35225502;JOANA MATTAR DE OLIVEIRA IMI;645;SAO JOSE DOS CAMPOS;CONJUNTO RESIDENCIAL TRINTA E UM DE MARCO;1;SAO JOSE DOS CAMPOS;12237000;RUA;JOSE COBRA ;95;12;39319818;;IMIJOANAMATTAR@SJC.SP.GOV.BR;1;115;88;0;0;0;0;0;0;0;0;0;0;0;0;0;0;0;0;0;0;0;0;0;0;0;0;0;0;0;0;0;0;0;0;6;4;0;0;0;0;0;0;0;0;0;0;0;0;0;0;0;0;0;0;0;0;0;0;0;0;0;0;0;0;0;0;0;0
MUNICIPAL;20205;SAO JOSE DOS CAMPOS;1;0;225514;35225514;JOAO LOPES SIMOES IMI;645;SAO JOSE DOS CAMPOS;JARDIM ORIENTE;1;SAO JOSE DOS CAMPOS;12236190;PRACA;ALEXANDRE MAGNO ;166;12;39310194;;IMIJOAOLOPES@SJC.SP.GOV.BR;1;118;86;0;0;0;0;0;0;0;0;0;0;0;0;0;0;0;0;0;0;0;0;0;0;0;0;0;0;0;0;0;0;0;0;7;6;0;0;0;0;0;0;0;0;0;0;0;0;0;0;0;0;0;0;0;0;0;0;0;0;0;0;0;0;0;0;0;0
MUNICIPAL;20205;SAO JOSE DOS CAMPOS;1;0;96684;35096684;JOAO MARCONDES GUIMARAES PADRE EMEI;645;SAO JOSE DOS CAMPOS;BOSQUE DOS EUCALIPTOS;1;SAO JOSE DOS CAMPOS;12233420;RUA;TATUI ;27;12;39165257;;EMEIPADREJOAO@SJC.SP.GOV.BR;1;220;324;0;0;0;0;0;0;0;0;0;0;0;0;0;0;0;0;0;0;0;0;0;0;0;0;0;0;0;0;0;0;0;4;12;15;0;0;0;0;0;0;0;0;0;0;0;0;0;0;0;0;0;0;0;0;0;0;0;0;0;0;0;0;0;0;0;2
MUNICIPAL;20205;SAO JOSE DOS CAMPOS;1;0;90189;35090189;JOSE ANTERO CURSINO DOS SANTOS PROF NEI;645;SAO JOSE DOS CAMPOS;JARDIM SATELITE;1;SAO JOSE DOS CAMPOS;12230810;RUA;ITAPOA ;101;12;39313718;;EMEIJOSEANTERO@SJC.SP.GOV.BR;1;61;150;0;0;0;0;0;0;0;0;0;0;0;0;0;0;0;0;0;0;0;0;0;0;0;0;0;0;0;0;0;0;0;0;4;8;0;0;0;0;0;0;0;0;0;0;0;0;0;0;0;0;0;0;0;0;0;0;0;0;0;0;0;0;0;0;0;0
MUNICIPAL;20205;SAO JOSE DOS CAMPOS;1;0;306538;35306538;JOSE MADUREIRA LEBRAO EMEI;645;SAO JOSE DOS CAMPOS;JARDIM MARIANA II;1;SAO JOSE DOS CAMPOS;12226880;RUA;MAURICIO MALDONADO JUNIOR ;94;12;39129608;39292322;EMEIJOSEMADUREIRA@SJC.SP.GOV.BR;1;38;536;0;0;0;0;0;0;0;0;0;0;0;0;0;0;0;0;0;0;0;0;0;0;0;0;0;0;0;0;0;0;0;18;2;26;0;0;0;0;0;0;0;0;0;0;0;0;0;0;0;0;0;0;0;0;0;0;0;0;0;0;0;0;0;0;0;2
MUNICIPAL;20205;SAO JOSE DOS CAMPOS;1;0;78025;35078025;JOSE PAULINO BICUDO NEI;645;SAO JOSE DOS CAMPOS;CONJUNTO RESIDENCIAL VALE DOS PINHEIROS;1;SAO JOSE DOS CAMPOS;12242370;RUA;JAVAES ;SN;12;39415895;;NEIJOSEPAULINOBICUDO@SJC.SP.GOV.BR;1;21;20;0;0;0;0;0;0;0;0;0;0;0;0;0;0;0;0;0;0;0;0;0;0;0;0;0;0;0;0;0;0;0;0;1;2;0;0;0;0;0;0;0;0;0;0;0;0;0;0;0;0;0;0;0;0;0;0;0;0;0;0;0;0;0;0;0;0
MUNICIPAL;20205;SAO JOSE DOS CAMPOS;1;0;94596;35094596;JOSE PURCINI EMEI;645;SAO JOSE DOS CAMPOS;JARDIM SANTA INES II;1;SAO JOSE DOS CAMPOS;12248515;RUA;CIRURGIOES DENTISTAS ;480;12;39125780;39297402;EMEIJOSEPURCINI@SJC.SP.GOV.BR;1;152;136;0;0;0;0;0;0;0;0;0;0;0;0;0;0;0;0;0;0;0;0;0;0;0;0;0;0;0;0;0;0;0;0;7;7;0;0;0;0;0;0;0;0;0;0;0;0;0;0;0;0;0;0;0;0;0;0;0;0;0;0;0;0;0;0;0;0
MUNICIPAL;20205;SAO JOSE DOS CAMPOS;1;0;83012;35083012;JOSE RUBENS FRANCO BONAFE PADRE EMEI;645;SAO JOSE DOS CAMPOS;JARDIM SANTA MATILDE;1;SAO JOSE DOS CAMPOS;12213580;RUA;SALETE NOSSA SENHORA;34;12;39219987;;EMEIPADREBONAFE@SJC.SP.GOV.BR;1;48;112;0;0;0;0;0;0;0;0;0;0;0;0;0;0;0;0;0;0;0;0;0;0;0;0;0;0;0;0;0;0;0;0;2;4;0;0;0;0;0;0;0;0;0;0;0;0;0;0;0;0;0;0;0;0;0;0;0;0;0;0;0;0;0;0;0;0
MUNICIPAL;20205;SAO JOSE DOS CAMPOS;1;0;347620;35347620;JOSE SODERO BITENCOURT PROF EMEI;645;SAO JOSE DOS CAMPOS;RESIDENCIAL BOSQUE DOS IPES;1;SAO JOSE DOS CAMPOS;12236874;RUA;JOSE ANTONIO MONTEIRO SANTOS ;15;12;39394096;;EMEIJOSESODERO@SJC.SP.GOV.BR;1;259;322;0;0;0;0;0;0;0;0;0;0;0;0;0;0;0;0;0;0;0;0;0;0;0;0;0;0;0;0;0;0;0;0;12;16;0;0;0;0;0;0;0;0;0;0;0;0;0;0;0;0;0;0;0;0;0;0;0;0;0;0;0;0;0;0;0;0
MUNICIPAL;20205;SAO JOSE DOS CAMPOS;1;0;224662;35224662;LADIEL BENEDITO DE CARVALHO PROF EMEI;645;SAO JOSE DOS CAMPOS;PARQUE INTERLAGOS;1;SAO JOSE DOS CAMPOS;12229829;RUA;RUA ANA BENEDICTA DIAS PEDROSA;75;12;39441828;;EMEILADIELBENEDITO@SJC.SP.GOV.BR;1;184;263;0;0;0;0;0;0;0;0;0;0;0;0;0;0;0;0;0;0;0;0;0;0;0;0;0;0;0;0;0;0;0;0;9;10;0;0;0;0;0;0;0;0;0;0;0;0;0;0;0;0;0;0;0;0;0;0;0;0;0;0;0;0;0;0;0;0
MUNICIPAL;20205;SAO JOSE DOS CAMPOS;1;0;69085;35069085;LEONOR PEREIRA NUNES GALVAO PROFA EMEF;645;SAO JOSE DOS CAMPOS;VILA INDUSTRIAL;1;SAO JOSE DOS CAMPOS;12220300;RUA;JOSE MOLINA ;150;12;39121750;39291714;EMEFLEONORGALVAO@SJC.SP.GOV.BR;1;0;0;90;90;61;60;60;90;60;61;90;0;0;0;0;0;0;0;0;0;0;0;0;0;0;0;0;0;0;0;0;0;67;12;0;0;5;4;3;2;4;4;4;4;5;0;0;0;0;0;0;0;0;0;0;0;0;0;0;0;0;0;0;0;0;0;8;2
MUNICIPAL;20205;SAO JOSE DOS CAMPOS;1;0;418365;35418365;LOURDES DE OLIVEIRA MENDES PROFA EMEI;645;SAO JOSE DOS CAMPOS;JARDIM PARARANGABA;1;SAO JOSE DOS CAMPOS;12224720;RUA;RIO UNA ;488;12;39028879;;EMEILOURDESDEOLIVEIRA@SJC.SP.GOV.BR;1;128;168;0;0;0;0;0;0;0;0;0;0;0;0;0;0;0;0;0;0;0;0;0;0;0;0;0;0;0;0;0;0;0;0;7;9;0;0;0;0;0;0;0;0;0;0;0;0;0;0;0;0;0;0;0;0;0;0;0;0;0;0;0;0;0;0;0;0
MUNICIPAL;20205;SAO JOSE DOS CAMPOS;1;0;497071;35497071;LUCIA MARIA DO AMARAL PROFESSORA EMEI;645;SAO JOSE DOS CAMPOS;JARDIM SANTA LUZIA;1;SAO JOSE DOS CAMPOS;12228858;RUA;JOSE BENEDITO DE ALMEIDA PENA ;140;12;39129819;;AA.PUPIO@UOL.COM.BR;1;399;250;0;0;0;0;0;0;0;0;0;0;0;0;0;0;0;0;0;0;0;0;0;0;0;0;0;0;0;0;0;0;0;12;22;14;0;0;0;0;0;0;0;0;0;0;0;0;0;0;0;0;0;0;0;0;0;0;0;0;0;0;0;0;0;0;0;2
MUNICIPAL;20205;SAO JOSE DOS CAMPOS;1;0;92265;35092265;LUCIA PEREIRA RODRIGUES PROFA EMEF;645;SAO JOSE DOS CAMPOS;JARDIM SANTA FE;1;SAO JOSE DOS CAMPOS;12228110;RUA;PRACA IV CENTENARIO;401;12;39441769;39441850;EMEFLUCIAPEREIRA@SJC.SP.GOV.BR;1;0;0;97;105;100;105;105;98;104;99;97;0;0;0;0;0;0;0;0;0;0;0;0;0;0;0;0;0;0;0;0;0;184;11;0;0;4;5;3;5;5;4;4;5;4;0;0;0;0;0;0;0;0;0;0;0;0;0;0;0;0;0;0;0;0;0;10;2
MUNICIPAL;20205;SAO JOSE DOS CAMPOS;1;0;271287;35271287;LUIZ LEITE PROF EMEF;645;SAO JOSE DOS CAMPOS;CONJUNTO RESIDENCIAL GALO BRANCO;1;SAO JOSE DOS CAMPOS;12247540;RUA;BENEDITO ANDRADE ;5;12;39051139;39052510;EMEFLUIZLEITE@SJC.SP.GOV.BR;1;0;0;60;90;89;89;89;60;61;78;87;0;0;0;0;0;0;0;0;0;0;0;0;0;0;0;0;0;0;0;0;0;80;21;0;0;3;4;5;5;6;4;4;4;4;0;0;0;0;0;0;0;0;0;0;0;0;0;0;0;0;0;0;0;0;0;12;2
MUNICIPAL;20205;SAO JOSE DOS CAMPOS;1;0;225150;35225150;LUIZ SUNDFELD PROF EMEI;645;SAO JOSE DOS CAMPOS;CONJUNTO RESIDENCIAL GALO BRANCO;1;SAO JOSE DOS CAMPOS;12247530;RUA;FELICIO JABBUR NASSER ;1035;12;39052263;;EMEILUIZSUNDFELD@SJC.SP.GOV.BR;1;116;246;0;0;0;0;0;0;0;0;0;0;0;0;0;0;0;0;0;0;0;0;0;0;0;0;0;0;0;0;0;0;0;0;5;10;0;0;0;0;0;0;0;0;0;0;0;0;0;0;0;0;0;0;0;0;0;0;0;0;0;0;0;0;0;0;0;0
MUNICIPAL;20205;SAO JOSE DOS CAMPOS;1;0;242007;35242007;LUZIA LEVINA APARECIDA BORGES PROFA EMEF;645;SAO JOSE DOS CAMPOS;JARDIM CRUZEIRO DO SUL;1;SAO JOSE DOS CAMPOS;12234813;RUA;HONORATO GONCALVES TEIXEIRA ;205;12;39661187;39661569;EMEFLUZIALEVINA@SJC.SP.GOV.BR;1;0;0;91;92;91;90;91;91;91;91;105;0;0;0;0;0;0;0;0;0;0;0;0;0;0;0;0;0;0;0;0;0;139;12;0;0;5;3;4;4;3;4;4;3;7;0;0;0;0;0;0;0;0;0;0;0;0;0;0;0;0;0;0;0;0;0;10;2
MUNICIPAL;20205;SAO JOSE DOS CAMPOS;1;0;96647;35096647;MARIA ALICE PASQUARELLI PROFA EMEI;645;SAO JOSE DOS CAMPOS;JARDIM COPACABANA;1;SAO JOSE DOS CAMPOS;12221221;PRACA;PRACA JOAQUIM FIGUEIRA DE ANDRADE;60;12;39291854;;EMEIMARIAALICE@SJC.SP.GOV.BR;1;222;314;0;0;0;0;0;0;0;0;0;0;0;0;0;0;0;0;0;0;0;0;0;0;0;0;0;0;0;0;0;0;0;12;14;16;0;0;0;0;0;0;0;0;0;0;0;0;0;0;0;0;0;0;0;0;0;0;0;0;0;0;0;0;0;0;0;2
MUNICIPAL;20205;SAO JOSE DOS CAMPOS;1;0;74925;35074925;MARIA AMELIA WAKAMATSU PROFA EMEF;645;SAO JOSE DOS CAMPOS;CAMPOS DE SAO JOSE;1;SAO JOSE DOS CAMPOS;12226690;RUA;VIRGILIO FERNANDES DE OLIVEIRA ;31;12;39124775;39297535;EMEFMARIAAMELIA@SJC.SP.GOV.BR;1;0;0;136;138;132;104;104;138;104;107;134;0;0;0;0;0;0;0;0;0;0;0;0;0;0;0;0;0;0;0;0;0;250;0;0;0;5;5;5;3;5;6;5;4;7;0;0;0;0;0;0;0;0;0;0;0;0;0;0;0;0;0;0;0;0;0;17;0
MUNICIPAL;20205;SAO JOSE DOS CAMPOS;1;0;4243;35004243;MARIA ANTONIETA FERREIRA PAYAR PROFA EMEF;645;SAO JOSE DOS CAMPOS;PINHERINHO DOS PALMARES;1;SAO JOSE DOS CAMPOS;12228256;CONJUNTO HABITACIONAL;TRÊS;S/N;12;39122739;;GLAUCIA.ARAUJO@SJC.SP.GOV.BR;1;0;0;117;127;133;114;134;122;68;99;132;0;0;0;0;0;0;0;0;0;0;0;0;0;0;0;0;0;0;0;0;0;72;0;0;0;4;4;5;6;7;7;2;5;7;0;0;0;0;0;0;0;0;0;0;0;0;0;0;0;0;0;0;0;0;0;4;0
MUNICIPAL;20205;SAO JOSE DOS CAMPOS;1;0;436987;35436987;MARIA APARECIDA SANTOS RONCONI PROFA EMEF;645;SAO JOSE DOS CAMPOS;MONTE CASTELO;1;SAO JOSE DOS CAMPOS;12215390;RUA;ANA GONCALVES DA CUNHA ;400;12;39114549;;EMEFMARIARONCONI@SJC.SP.GOV.BR;1;0;0;81;90;89;92;87;91;61;88;67;0;0;0;0;0;0;0;0;0;0;0;0;0;0;0;0;0;0;0;0;0;202;37;0;0;4;6;6;6;6;5;3;6;4;0;0;0;0;0;0;0;0;0;0;0;0;0;0;0;0;0;0;0;0;0;14;4
MUNICIPAL;20205;SAO JOSE DOS CAMPOS;1;0;447535;35447535;MARIA AUGUSTA MOREIRA DA COSTA PROFA EMEF;645;SAO JOSE DOS CAMPOS;JARDIM UIRA;1;SAO JOSE DOS CAMPOS;12227621;RUA;RUA DOS CANINDES;SN;12;39118948;;EMEFMARIAAUGUSTA@SJC.SP.GOV.BR;1;0;0;114;119;116;111;86;0;0;0;0;0;0;0;0;0;0;0;0;0;0;0;0;0;0;0;0;0;0;0;0;0;76;12;0;0;5;5;7;7;6;0;0;0;0;0;0;0;0;0;0;0;0;0;0;0;0;0;0;0;0;0;0;0;0;0;7;2
MUNICIPAL;20205;SAO JOSE DOS CAMPOS;1;0;92289;35092289;MARIA DA GLORIA MARIANO SANTOS PROFA EMEI;645;SAO JOSE DOS CAMPOS;JARDIM TELESPARK;1;SAO JOSE DOS CAMPOS;12212810;PRACA;CESAR TRABALLI ;80;12;39226002;;EMEIMARIADAGLORIA@SJC.SP.GOV.BR;1;214;405;0;0;0;0;0;0;0;0;0;0;0;0;0;0;0;0;0;0;0;0;0;0;0;0;0;0;0;0;0;0;0;0;13;19;0;0;0;0;0;0;0;0;0;0;0;0;0;0;0;0;0;0;0;0;0;0;0;0;0;0;0;0;0;0;0;0
MUNICIPAL;20205;SAO JOSE DOS CAMPOS;1;0;225162;35225162;MARIA DE LOURDES CONSTANTINO PROFA IMI;645;SAO JOSE DOS CAMPOS;PARQUE NOVO HORIZONTE;1;SAO JOSE DOS CAMPOS;12225710;RUA;ELETRICISTAS ;330;12;39072113;39075994;IMIMARIADELOURDES@SJC.SP.GOV.BR;1;152;80;0;0;0;0;0;0;0;0;0;0;0;0;0;0;0;0;0;0;0;0;0;0;0;0;0;0;0;0;0;0;0;0;7;4;0;0;0;0;0;0;0;0;0;0;0;0;0;0;0;0;0;0;0;0;0;0;0;0;0;0;0;0;0;0;0;0
MUNICIPAL;20205;SAO JOSE DOS CAMPOS;1;0;56844;35056844;MARIA DE MELO PROFA EMEF;645;SAO JOSE DOS CAMPOS;PARQUE INDUSTRIAL;1;SAO JOSE DOS CAMPOS;12235741;RUA;INGA ;40;12;39313593;39348030;EMEFMARIAMELO@SJC.SP.GOV.BR;1;0;0;76;70;91;60;90;90;90;90;90;0;0;0;0;0;0;0;0;0;0;0;0;0;0;0;0;0;0;0;0;0;139;11;0;0;3;3;6;3;3;6;5;6;4;0;0;0;0;0;0;0;0;0;0;0;0;0;0;0;0;0;0;0;0;0;11;2
MUNICIPAL;20205;SAO JOSE DOS CAMPOS;1;0;85017;35085017;MARIA EZEQUIEL SANT'ANNA PROFA NEI;645;SAO JOSE DOS CAMPOS;JARDIM SATELITE;1;SAO JOSE DOS CAMPOS;12230320;RUA;CASTOR ;180;12;39374618;;EMEIMARIAEZEQUIEL@SJC.SP.GOV.BR;1;44;101;0;0;0;0;0;0;0;0;0;0;0;0;0;0;0;0;0;0;0;0;0;0;0;0;0;0;0;0;0;0;0;0;2;6;0;0;0;0;0;0;0;0;0;0;0;0;0;0;0;0;0;0;0;0;0;0;0;0;0;0;0;0;0;0;0;0
MUNICIPAL;20205;SAO JOSE DOS CAMPOS;1;0;78037;35078037;MARIA JOSE GUIDO BROGLIATO FREIRE PROFA EMEI;645;SAO JOSE DOS CAMPOS;JARDIM COLONIAL;1;SAO JOSE DOS CAMPOS;12234440;PRACA;BERTOLINO CLAUDIO ;56;12;39662351;;EMEIMARIAJOSEGUIDO@SJC.SP.GOV.BR;1;25;255;0;0;0;0;0;0;0;0;0;0;0;0;0;0;0;0;0;0;0;0;0;0;0;0;0;0;0;0;0;0;0;0;1;9;0;0;0;0;0;0;0;0;0;0;0;0;0;0;0;0;0;0;0;0;0;0;0;0;0;0;0;0;0;0;0;0
MUNICIPAL;20205;SAO JOSE DOS CAMPOS;1;0;56807;35056807;MARIA NAZARETH DE MOURA VERONESE PROFA EMEF;645;SAO JOSE DOS CAMPOS;JARDIM DA GRANJA;1;SAO JOSE DOS CAMPOS;12227510;PRACA;COLUMBA ;45;12;39213424;39424341;EMEFMARIAVERONESE@SJC.SP.GOV.BR;1;0;0;89;60;90;90;60;90;90;90;89;0;0;0;0;0;0;0;0;0;0;0;0;0;0;0;0;0;0;0;0;0;137;8;0;0;6;4;5;3;2;5;4;5;6;0;0;0;0;0;0;0;0;0;0;0;0;0;0;0;0;0;0;0;0;0;12;2
MUNICIPAL;20205;SAO JOSE DOS CAMPOS;1;0;62480;35062480;MARIA OFELIA VENEZIANI PEDROSA PROFA EMEF;645;SAO JOSE DOS CAMPOS;JARDIM LIMOEIRO;1;SAO JOSE DOS CAMPOS;12241340;RUA;SERGIO GONZAGA AZEVEDO ;130;12;39330408;39349019;EMEFMARIAOFELIA@SJC.SP.GOV.BR;1;0;0;61;46;31;30;57;48;26;44;49;0;0;0;0;0;0;0;0;0;0;0;0;0;0;0;0;0;0;0;0;0;185;9;0;0;3;3;2;2;4;2;3;4;4;0;0;0;0;0;0;0;0;0;0;0;0;0;0;0;0;0;0;0;0;0;14;2
MUNICIPAL;20205;SAO JOSE DOS CAMPOS;1;0;271457;35271457;MARIANA TEIXEIRA CORNELIO PROFA EMEF;645;SAO JOSE DOS CAMPOS;JARDIM TELESPARK;1;SAO JOSE DOS CAMPOS;12212700;RUA;BENEDITO PEREIRA LIMA ;200;12;39133600;39133601;EMEFMARIANATEIXEIRA@SJC.SP.GOV.BR;1;0;0;128;95;100;96;97;119;90;118;116;0;0;0;0;0;0;0;0;0;0;0;0;0;0;0;0;0;0;0;0;0;170;8;0;0;4;3;4;5;5;5;3;6;7;0;0;0;0;0;0;0;0;0;0;0;0;0;0;0;0;0;0;0;0;0;11;2
MUNICIPAL;20205;SAO JOSE DOS CAMPOS;1;0;90104;35090104;MARIANITA DE OLIVEIRA PEREIRA SANTOS PROFA NEI;645;SAO JOSE DOS CAMPOS;BOSQUE DOS EUCALIPTOS;1;SAO JOSE DOS CAMPOS;12233290;RUA;VICOSA ;5;12;39361002;;EMEIMARIANITADEOLIVEIRA@SJC.SP.GOV.BR;1;75;194;0;0;0;0;0;0;0;0;0;0;0;0;0;0;0;0;0;0;0;0;0;0;0;0;0;0;0;0;0;0;0;0;3;9;0;0;0;0;0;0;0;0;0;0;0;0;0;0;0;0;0;0;0;0;0;0;0;0;0;0;0;0;0;0;0;0
MUNICIPAL;20205;SAO JOSE DOS CAMPOS;1;0;86009;35086009;MARILDA APARECIDA MONTEMOR PROFA EMEI;645;SAO JOSE DOS CAMPOS;JARDIM ORIENTE;1;SAO JOSE DOS CAMPOS;12236231;PRACA;VICTOR HUGO ;SN;12;39341602;39393268;EMEIMARILDAMONTEMOR@SJC.SP.GOV.BR;1;230;257;0;0;0;0;0;0;0;0;0;0;0;0;0;0;0;0;0;0;0;0;0;0;0;0;0;0;0;0;0;0;0;9;11;14;0;0;0;0;0;0;0;0;0;0;0;0;0;0;0;0;0;0;0;0;0;0;0;0;0;0;0;0;0;0;0;2
MUNICIPAL;20205;SAO JOSE DOS CAMPOS;1;0;225186;35225186;MARILDA FERREIRA DE BRITO BARROS PEREIRA IMI;645;SAO JOSE DOS CAMPOS;JARDIM VALPARAIBA;1;SAO JOSE DOS CAMPOS;12221371;PRACA;MUSICOS ;140;12;39120298;39298083;IMIMARILDAFERREIRA@SJC.SP.GOV.BR;1;99;75;0;0;0;0;0;0;0;0;0;0;0;0;0;0;0;0;0;0;0;0;0;0;0;0;0;0;0;0;0;0;0;0;5;4;0;0;0;0;0;0;0;0;0;0;0;0;0;0;0;0;0;0;0;0;0;0;0;0;0;0;0;0;0;0;0;0
MUNICIPAL;20205;SAO JOSE DOS CAMPOS;1;0;87497;35087497;MARIO CAMPANER PROF EMEI;645;SAO JOSE DOS CAMPOS;JARDIM DAS INDUSTRIAS;1;SAO JOSE DOS CAMPOS;12241100;PRACA;FLAMBOYANT ;131;12;39315785;;EMEIMARIOCAMPANER@SJC.SP.GOV.BR;1;96;302;0;0;0;0;0;0;0;0;0;0;0;0;0;0;0;0;0;0;0;0;0;0;0;0;0;0;0;0;0;0;0;0;4;14;0;0;0;0;0;0;0;0;0;0;0;0;0;0;0;0;0;0;0;0;0;0;0;0;0;0;0;0;0;0;0;0
MUNICIPAL;20205;SAO JOSE DOS CAMPOS;1;0;225174;35225174;MAROCA VENEZIANI IMI;645;SAO JOSE DOS CAMPOS;ALTO DA PONTE;1;SAO JOSE DOS CAMPOS;12212500;RUA;RUA ALZIRO LEBRAO;SN;12;39229937;;IMIMAROCAVENEZIANI@SJC.SP.GOV.BR;1;160;117;0;0;0;0;0;0;0;0;0;0;0;0;0;0;0;0;0;0;0;0;0;0;0;0;0;0;0;0;0;0;0;0;8;6;0;0;0;0;0;0;0;0;0;0;0;0;0;0;0;0;0;0;0;0;0;0;0;0;0;0;0;0;0;0;0;0
MUNICIPAL;20205;SAO JOSE DOS CAMPOS;1;0;658819;35658819;MARQUES DE RABICO NUCLEO DE EDUCACAO INFANTIL;466;MONTEIRO LOBATO;CENTRO;1;MONTEIRO LOBATO;12250000;BAIRRO TAGUARI - KM 114;RODOVIA SP-50 ;SN;12;39480314;39791268;NARIZINHOARREBITADO@HOTMAIL.COM;2;0;13;0;0;0;0;0;0;0;0;0;0;0;0;0;0;0;0;0;0;0;0;0;0;0;0;0;0;0;0;0;0;0;0;0;1;0;0;0;0;0;0;0;0;0;0;0;0;0;0;0;0;0;0;0;0;0;0;0;0;0;0;0;0;0;0;0;0
MUNICIPAL;20205;SAO JOSE DOS CAMPOS;1;0;463814;35463814;MARTHA ABIB CASTANHO PROFESSORA EMEF;645;SAO JOSE DOS CAMPOS;JARDIM SATELITE;1;SAO JOSE DOS CAMPOS;12230021;RUA;LEBLON ;60;12;39333008;39336355;EMEFMARTHAABIB@SJC.SP.GOV.BRF;1;0;0;60;60;59;60;60;0;0;0;0;0;0;0;0;0;0;0;0;0;0;0;0;0;0;0;0;0;0;0;0;0;231;5;0;0;2;4;2;3;3;0;0;0;0;0;0;0;0;0;0;0;0;0;0;0;0;0;0;0;0;0;0;0;0;0;17;2
MUNICIPAL;20205;SAO JOSE DOS CAMPOS;1;0;56832;35056832;MERCEDES CARNEVALLI KLEIN PROFA EMEF;645;SAO JOSE DOS CAMPOS;JARDIM SATELITE;1;SAO JOSE DOS CAMPOS;12230810;RUA;ITAPOA ;350;12;39311404;39349082;EMEFMERCEDESCARNEVALLI@SJC.SP.GOV.BR;1;0;0;90;93;90;91;95;137;120;120;93;0;0;0;0;0;0;0;34;0;0;145;0;0;0;0;0;0;0;0;0;0;88;17;0;0;6;5;3;4;3;7;8;6;6;0;0;0;0;0;0;0;2;0;0;5;0;0;0;0;0;0;0;0;0;0;11;2
MUNICIPAL;20205;SAO JOSE DOS CAMPOS;1;0;281700;35281700;MERCEDES RACHID EDWARDS EMEF;645;SAO JOSE DOS CAMPOS;SAO FRANCISCO XAVIER;3;SAO FRANCISCO XAVIER;12249000;PRACA;ESTRADA MUNICIPAL VEREADOR PEDRO DAVID;19251;12;39261634;39261874;EMEFMERCEDESRACHID@SJC.SP.GOV.BR;1;0;0;37;45;55;46;70;75;79;51;66;0;0;0;0;0;0;0;0;0;0;33;0;0;0;0;0;0;0;0;0;0;242;9;0;0;4;2;2;3;2;4;4;4;2;0;0;0;0;0;0;0;0;0;0;1;0;0;0;0;0;0;0;0;0;0;14;2
MUNICIPAL;20205;SAO JOSE DOS CAMPOS;1;0;92241;35092241;MOACYR BENEDICTO DE SOUZA PROF EMEF;645;SAO JOSE DOS CAMPOS;CAMPO DOS ALEMAES;1;SAO JOSE DOS CAMPOS;12239420;RUA;MARIA MARTINS OTTOBONI ;100;12;39661000;39661829;EMEFMOACYRBENEDICTO@SJC.SP.GOV.BR;1;0;0;92;90;90;96;90;89;91;120;89;0;0;0;0;0;0;0;0;0;0;0;0;0;0;0;0;0;0;0;0;0;397;12;0;0;6;4;5;5;4;3;3;5;5;0;0;0;0;0;0;0;0;0;0;0;0;0;0;0;0;0;0;0;0;0;27;2
MUNICIPAL;20205;SAO JOSE DOS CAMPOS;1;0;78049;35078049;NEI PROFESSORA MARIA APARECIDA SAVASTANO SANCHEZ;645;SAO JOSE DOS CAMPOS;CENTRO;1;SAO JOSE DOS CAMPOS;12249000;PRACA;RUA TREZE DE MAIO;SN;12;39261665;;NEISAOFRANCISCOXAVIER@SJC.SP.GOV.BR;1;34;99;0;0;0;0;0;0;0;0;0;0;0;0;0;0;0;0;0;0;0;0;0;0;0;0;0;0;0;0;0;0;0;0;2;4;0;0;0;0;0;0;0;0;0;0;0;0;0;0;0;0;0;0;0;0;0;0;0;0;0;0;0;0;0;0;0;0
MUNICIPAL;20205;SAO JOSE DOS CAMPOS;1;0;281694;35281694;NORMA DE CONTI SIMAO PROFA EMEF;645;SAO JOSE DOS CAMPOS;CAMPO DOS ALEMAES;1;SAO JOSE DOS CAMPOS;12239260;RUA;JOAO ADAO ;349;12;39371818;39372828;EMEFNORMACONTI@SJC.SP.GOV.BR;1;0;0;128;97;128;95;98;123;120;90;120;0;0;0;0;0;0;0;34;0;0;98;0;0;0;0;0;0;0;0;0;0;157;22;0;0;6;5;7;6;4;7;7;4;7;0;0;0;0;0;0;0;2;0;0;5;0;0;0;0;0;0;0;0;0;0;12;2
MUNICIPAL;20205;SAO JOSE DOS CAMPOS;1;0;90177;35090177;NORMA LUCIA RODRIGUES DE ALMEIDA PROFA EMEI;645;SAO JOSE DOS CAMPOS;JARDIM DAS FLORES;2;EUGENIO DE MELO;12247650;RUA;FLOR DE LIS ;133;12;39052099;;EMEINORMALUCIA@SJC.SP.GOV.BR;1;64;73;0;0;0;0;0;0;0;0;0;0;0;0;0;0;0;0;0;0;0;0;0;0;0;0;0;0;0;0;0;0;0;0;4;3;0;0;0;0;0;0;0;0;0;0;0;0;0;0;0;0;0;0;0;0;0;0;0;0;0;0;0;0;0;0;0;0
MUNICIPAL;20205;SAO JOSE DOS CAMPOS;1;0;224819;35224819;NÚCLEO DE EDUCAÇÃO INFANTIL NARIZINHO ARREBITADO ;466;MONTEIRO LOBATO;CENTRO;1;MONTEIRO LOBATO;12250000;PRACA;RUA HUMBERTO CAPELLI;191;12;39791268;;NARIZINHOARREBITADO@HOTMAIL.COM;1;30;62;0;0;0;0;0;0;0;0;0;0;0;0;0;0;0;0;0;0;0;0;0;0;0;0;0;0;0;0;0;0;0;0;2;5;0;0;0;0;0;0;0;0;0;0;0;0;0;0;0;0;0;0;0;0;0;0;0;0;0;0;0;0;0;0;0;0
MUNICIPAL;20205;SAO JOSE DOS CAMPOS;1;0;90098;35090098;NÚCLEO DE EDUCAÇÃO INFANTIL PROFA SILVIA HELENA DE SOUSA ;645;SAO JOSE DOS CAMPOS;SANTANA;1;SAO JOSE DOS CAMPOS;12211330;RUA;JOAO JOSE DO NASCIMENTO ;77;12;39235204;;NEIVILACESAR@SJC.SP.GOV.BR;1;34;61;0;0;0;0;0;0;0;0;0;0;0;0;0;0;0;0;0;0;0;0;0;0;0;0;0;0;0;0;0;0;0;0;3;3;0;0;0;0;0;0;0;0;0;0;0;0;0;0;0;0;0;0;0;0;0;0;0;0;0;0;0;0;0;0;0;0
MUNICIPAL;20205;SAO JOSE DOS CAMPOS;1;0;87476;35087476;OLGA FRANCO CUSTODIO PROFA NEI;645;SAO JOSE DOS CAMPOS;JARDIM MOTORAMA;1;SAO JOSE DOS CAMPOS;12224000;AVENIDA;ROSAS ;232;12;39296823;;EMEIOLGAFRANCO@SJC.SP.GOV.BR;1;171;355;0;0;0;0;0;0;0;0;0;0;0;0;0;0;0;0;0;0;0;0;0;0;0;0;0;0;0;0;0;0;0;11;9;22;0;0;0;0;0;0;0;0;0;0;0;0;0;0;0;0;0;0;0;0;0;0;0;0;0;0;0;0;0;0;0;2
MUNICIPAL;20205;SAO JOSE DOS CAMPOS;1;0;231101;35231101;OLIVIA DOS SANTOS FEIERABEND EMEF;466;MONTEIRO LOBATO;BAIRRO DO TAQUARI;1;MONTEIRO LOBATO;12250000;PRACA;ESTRADA SP 50 KM 114;SN;12;39480314;39481288;ESCOLAFUNDAMENTAL@MONTEIROLOBATO.SP.GOV.BR;2;0;0;13;19;16;25;13;0;0;0;0;0;0;0;0;0;0;0;0;0;0;0;0;0;0;0;0;0;0;0;0;0;0;0;0;0;1;1;1;1;1;0;0;0;0;0;0;0;0;0;0;0;0;0;0;0;0;0;0;0;0;0;0;0;0;0;0;0
MUNICIPAL;20205;SAO JOSE DOS CAMPOS;1;0;564624;35564624;OSWALDO COPPIO NEI;645;SAO JOSE DOS CAMPOS;JARDIM SAO JOSE II;1;SAO JOSE DOS CAMPOS;12248674;RUA;FREDIANO BIANCHI FILHO ;151;12;39291267;;NEIDOROTIDASILVA@SJC.SP.GOV.BR;1;14;62;0;0;0;0;0;0;0;0;0;0;0;0;0;0;0;0;0;0;0;0;0;0;0;0;0;0;0;0;0;0;0;0;2;4;0;0;0;0;0;0;0;0;0;0;0;0;0;0;0;0;0;0;0;0;0;0;0;0;0;0;0;0;0;0;0;0
MUNICIPAL;20205;SAO JOSE DOS CAMPOS;1;0;56789;35056789;OTACILIA MADUREIRA DE MOURA PROFA EMEF;645;SAO JOSE DOS CAMPOS;VILA NAIR;1;SAO JOSE DOS CAMPOS;12231270;PRACA;QUIRIRIM ;101;12;39215655;39424780;EMEFOTACILIAMOURA@SJC.SP.GOV.BR;1;0;0;60;60;61;60;61;60;63;87;89;0;0;0;0;0;0;0;0;0;0;0;0;0;0;0;0;0;0;0;0;0;273;10;0;0;3;3;3;3;2;3;3;6;4;0;0;0;0;0;0;0;0;0;0;0;0;0;0;0;0;0;0;0;0;0;20;2
MUNICIPAL;20205;SAO JOSE DOS CAMPOS;1;0;56777;35056777;PALMYRA SANT'ANNA PROFA EMEF;645;SAO JOSE DOS CAMPOS;VILA INDUSTRIAL;1;SAO JOSE DOS CAMPOS;12220000;AVENIDA;JUSCELINO KUBITSCHEK PRESIDENTE;6907;12;39125510;39292089;EMEFPALMYRASANTANNA@SJC.SP.GOV.BR;1;0;0;61;61;65;90;90;91;90;89;90;0;0;0;0;0;0;0;33;0;0;190;0;0;0;0;0;0;0;0;0;0;117;6;0;0;2;3;3;5;4;4;5;3;5;0;0;0;0;0;0;0;1;0;0;10;0;0;0;0;0;0;0;0;0;0;12;2
MUNICIPAL;20205;SAO JOSE DOS CAMPOS;1;0;62492;35062492;PEDRO DE ALCANTARA DOM EMEF;645;SAO JOSE DOS CAMPOS;CONJUNTO RESIDENCIAL DOM PEDRO I;1;SAO JOSE DOS CAMPOS;12232750;AVENIDA;ADILSON JOSE DA CRUZ ;7581;12;39661244;39661964;EMEFDOMPEDRO@SJC.SP.GOV.BR;1;0;0;80;68;80;63;69;87;68;66;89;0;0;0;0;0;0;0;59;0;0;135;0;0;0;0;0;0;0;0;0;0;319;16;0;0;5;5;4;6;6;6;6;5;4;0;0;0;0;0;0;0;3;0;0;6;0;0;0;0;0;0;0;0;0;0;27;2
MUNICIPAL;20205;SAO JOSE DOS CAMPOS;1;0;225551;35225551;PEDRO DE ALCANTARA DOM IMI;645;SAO JOSE DOS CAMPOS;CONJ HAB PAPA JOAO PAULO II;1;SAO JOSE DOS CAMPOS;12232427;RUA;RUA JOSE BENEDITO CASTILHO;SN;12;39662525;;IMIDOMPEDRO@SJC.SP.GOV.BR;1;115;76;0;0;0;0;0;0;0;0;0;0;0;0;0;0;0;0;0;0;0;0;0;0;0;0;0;0;0;0;0;0;0;0;6;5;0;0;0;0;0;0;0;0;0;0;0;0;0;0;0;0;0;0;0;0;0;0;0;0;0;0;0;0;0;0;0;0
MUNICIPAL;20205;SAO JOSE DOS CAMPOS;1;0;69097;35069097;POSSIDONIO JOSE DE FREITAS EMEF;645;SAO JOSE DOS CAMPOS;CONJUNTO RESIDENCIAL GALO BRANCO;1;SAO JOSE DOS CAMPOS;12247530;RUA;FELICIO JABBUR NASSER ;935;12;39051911;39053030;EMEFPOSSIDONIOFREITAS@SJC.SP.GOV.BR;1;0;0;89;60;90;60;60;90;89;87;87;0;0;0;0;0;0;0;0;0;0;0;0;0;0;0;0;0;0;0;0;0;125;14;0;0;6;2;6;2;4;6;5;3;5;0;0;0;0;0;0;0;0;0;0;0;0;0;0;0;0;0;0;0;0;0;15;2
MUNICIPAL;20205;SAO JOSE DOS CAMPOS;1;0;463826;35463826;POSSIDONIO SALLES PROFESSOR EMEF;645;SAO JOSE DOS CAMPOS;JARDIM AMERICANO;1;SAO JOSE DOS CAMPOS;12225070;RUA;BENEDITO ERAS ;SN;12;39027392;;EMEFPOSSIDONIOSALLES@SJC.SP.GOV.BR;1;0;0;60;62;60;59;63;0;0;0;0;0;0;0;0;0;0;0;0;0;0;0;0;0;0;0;0;0;0;0;0;0;77;0;0;0;4;2;3;4;3;0;0;0;0;0;0;0;0;0;0;0;0;0;0;0;0;0;0;0;0;0;0;0;0;0;9;0
MUNICIPAL;20205;SAO JOSE DOS CAMPOS;1;0;74937;35074937;POUSADA DO VALE IMI;645;SAO JOSE DOS CAMPOS;CHACARAS POUSADA DO VALE;1;SAO JOSE DOS CAMPOS;12226740;RUA;CEREJEIRA ;SN;12;39293168;;IMIPOUSADADOVALE@SJC.SP.GOV.BR;1;115;68;0;0;0;0;0;0;0;0;0;0;0;0;0;0;0;0;0;0;0;0;0;0;0;0;0;0;0;0;0;0;0;0;7;4;0;0;0;0;0;0;0;0;0;0;0;0;0;0;0;0;0;0;0;0;0;0;0;0;0;0;0;0;0;0;0;0
MUNICIPAL;20205;SAO JOSE DOS CAMPOS;1;0;96660;35096660;PROFESSORA SONIA MARA RAMOS NUCLEO DE EDUCACAO INFANTIL;645;SAO JOSE DOS CAMPOS;VILA SAO PEDRO;1;SAO JOSE DOS CAMPOS;12216390;PRACA;PARAIBA ;119;12;39229689;;NEIVILASAOPEDRO@SJC.SP.GOV.BR;1;54;92;0;0;0;0;0;0;0;0;0;0;0;0;0;0;0;0;0;0;0;0;0;0;0;0;0;0;0;0;0;0;0;0;3;4;0;0;0;0;0;0;0;0;0;0;0;0;0;0;0;0;0;0;0;0;0;0;0;0;0;0;0;0;0;0;0;0
MUNICIPAL;20205;SAO JOSE DOS CAMPOS;1;0;470764;35470764;REINO DAS AGUAS CLARAS NUCLEO DE EDUCACAO INFANTIL;466;MONTEIRO LOBATO;CENTRO;1;MONTEIRO LOBATO;12250000;PRACA;RUA BERNARDINO DE CAMPOS;160;12;39791583;;SILVANAMOURA2016@OUTLOOK.COM;1;26;0;0;0;0;0;0;0;0;0;0;0;0;0;0;0;0;0;0;0;0;0;0;0;0;0;0;0;0;0;0;0;0;0;1;0;0;0;0;0;0;0;0;0;0;0;0;0;0;0;0;0;0;0;0;0;0;0;0;0;0;0;0;0;0;0;0;0
MUNICIPAL;20205;SAO JOSE DOS CAMPOS;1;0;78013;35078013;RIO COMPRIDO NEI;645;SAO JOSE DOS CAMPOS;RIO COMPRIDO;1;SAO JOSE DOS CAMPOS;12224730;RUA;RUA SAO FRANCISCO;181;12;39393224;;NEIRIOCOMPRIDO@SJC.SP.GOV.BR;1;41;42;0;0;0;0;0;0;0;0;0;0;0;0;0;0;0;0;0;0;0;0;0;0;0;0;0;0;0;0;0;0;0;0;2;2;0;0;0;0;0;0;0;0;0;0;0;0;0;0;0;0;0;0;0;0;0;0;0;0;0;0;0;0;0;0;0;0
MUNICIPAL;20205;SAO JOSE DOS CAMPOS;1;0;84621;35084621;ROSA TOMITA PROFA EMEF;645;SAO JOSE DOS CAMPOS;JARDIM SAO JOSE II;1;SAO JOSE DOS CAMPOS;12248678;RUA;AYRTON SENNA DA SILVA ;90;12;32292995;39120390;EMEFROSATOMITA@SJC.SP.GOV.BR;1;0;0;86;65;76;64;64;61;55;55;70;0;0;0;0;0;0;0;26;0;0;78;0;0;0;0;0;0;0;0;0;0;411;10;0;0;3;5;3;3;4;4;4;5;5;0;0;0;0;0;0;0;1;0;0;3;0;0;0;0;0;0;0;0;0;0;26;2
MUNICIPAL;20205;SAO JOSE DOS CAMPOS;1;0;4390;35004390;ROSANA SCARPEL DA SILVA PROFA EMEI;645;SAO JOSE DOS CAMPOS;CAMPO DOS ALEMAES;1;SAO JOSE DOS CAMPOS;12239290;;JOAO DE OLIVEIRA E SILVA;S/N;12;39661275;;PLANEJAMENTOESCOLAR@SJC.SP.GOV.BR;1;217;0;0;0;0;0;0;0;0;0;0;0;0;0;0;0;0;0;0;0;0;0;0;0;0;0;0;0;0;0;0;0;0;0;14;0;0;0;0;0;0;0;0;0;0;0;0;0;0;0;0;0;0;0;0;0;0;0;0;0;0;0;0;0;0;0;0;0
MUNICIPAL;20205;SAO JOSE DOS CAMPOS;1;0;271299;35271299;RUTH NUNES DA TRINDADE PROFA EMEF;645;SAO JOSE DOS CAMPOS;JARDIM TORRAO DE OURO;1;SAO JOSE DOS CAMPOS;12229010;RUA;WALDEMAR TEIXEIRA ;900;12;39441030;39441670;EMEFRUTHNUNES@SJC.SP.GOV.BR;1;0;0;159;163;170;156;173;171;126;142;0;0;0;0;0;0;0;0;0;0;0;0;0;0;0;0;0;0;0;0;0;0;164;16;0;0;6;9;8;8;8;8;4;7;0;0;0;0;0;0;0;0;0;0;0;0;0;0;0;0;0;0;0;0;0;0;15;2
MUNICIPAL;20205;SAO JOSE DOS CAMPOS;1;0;94584;35094584;SANDRA REGINA DE ALMEIDA PAULO PROFA EMEI;645;SAO JOSE DOS CAMPOS;JARDIM AMERICANO;1;SAO JOSE DOS CAMPOS;12225050;PRACA;JOSE CARLOS PACE ;220;12;39296773;;EMEISANDRAREGINA@SJC.SP.GOV.BR;1;43;49;0;0;0;0;0;0;0;0;0;0;0;0;0;0;0;0;0;0;0;0;0;0;0;0;0;0;0;0;0;0;0;0;2;2;0;0;0;0;0;0;0;0;0;0;0;0;0;0;0;0;0;0;0;0;0;0;0;0;0;0;0;0;0;0;0;0
MUNICIPAL;20205;SAO JOSE DOS CAMPOS;1;0;56819;35056819;SEBASTIANA COBRA PROFA EMEF;645;SAO JOSE DOS CAMPOS;JARDIM DAS INDUSTRIAS;1;SAO JOSE DOS CAMPOS;12240150;RUA;RUA DOS AMORES-PERFEITOS;95;12;39311814;39345393;EMEFSEBASTIANACOBRA@SJC.SP.GOV.BR;1;0;0;90;92;92;90;91;90;90;120;90;0;0;0;0;0;0;0;0;0;0;0;0;0;0;0;0;0;0;0;0;0;108;20;0;0;4;5;3;5;3;6;6;8;6;0;0;0;0;0;0;0;0;0;0;0;0;0;0;0;0;0;0;0;0;0;9;2
MUNICIPAL;20205;SAO JOSE DOS CAMPOS;1;0;281682;35281682;SILVANA MARIA RIBEIRO DE ALMEIDA PROFA EMEF;645;SAO JOSE DOS CAMPOS;JARDIM DAS CEREJEIRAS;1;SAO JOSE DOS CAMPOS;12225570;RUA;QUATRO DE MARCO ;10;12;39075772;39077494;EMEFSILVANAMARIA@SJC.SP.GOV.BR;1;0;0;96;96;101;96;97;92;92;91;90;0;0;0;0;0;0;0;0;0;0;0;0;0;0;0;0;0;0;0;0;0;123;20;0;0;4;6;6;4;5;5;6;6;5;0;0;0;0;0;0;0;0;0;0;0;0;0;0;0;0;0;0;0;0;0;8;2
MUNICIPAL;20205;SAO JOSE DOS CAMPOS;1;0;271305;35271305;SONIA MARIA PEREIRA DA SILVA PROFA EMEF;645;SAO JOSE DOS CAMPOS;PARQUE NOVO HORIZONTE;1;SAO JOSE DOS CAMPOS;12225740;RUA;RUA DOS ALFAIATES;321;12;39073355;39074020;EMEFSONIAMARIA@SJC.SP.GOV.BR;1;0;0;90;96;97;90;96;96;90;90;121;0;0;0;0;0;0;0;0;0;0;0;0;0;0;0;0;0;0;0;0;0;148;22;0;0;4;5;4;4;5;5;6;5;7;0;0;0;0;0;0;0;0;0;0;0;0;0;0;0;0;0;0;0;0;0;11;2
MUNICIPAL;20205;SAO JOSE DOS CAMPOS;1;0;70476;35070476;THEREZINHA DO MENINO JESUS SOARES DO NASCIMENTO PROFA EMEF;645;SAO JOSE DOS CAMPOS;CONJUNTO RESIDENCIAL DOM PEDRO I;1;SAO JOSE DOS CAMPOS;12232841;RUA;FRANCISCO CARLOS BARBOSA ;200;12;39661028;39661582;EMEFTHEREZINHAJESUS@SJC.SP.GOV.BR;1;0;0;91;90;90;90;90;93;90;90;119;0;0;0;0;0;0;0;0;0;0;0;0;0;0;0;0;0;0;0;0;0;345;20;0;0;5;6;4;6;5;5;4;6;4;0;0;0;0;0;0;0;0;0;0;0;0;0;0;0;0;0;0;0;0;0;23;2
MUNICIPAL;20205;SAO JOSE DOS CAMPOS;1;0;86010;35086010;TORATARO TAKITANI EMEI;645;SAO JOSE DOS CAMPOS;JARDIM VALE DO SOL;1;SAO JOSE DOS CAMPOS;12238090;PRACA;BAHIA DE SAO SALVADOR ;142;12;39313382;39340442;EMEITORATAROTAKITANI@SJC.SP.GOV.BR;1;235;199;0;0;0;0;0;0;0;0;0;0;0;0;0;0;0;0;0;0;0;0;0;0;0;0;0;0;0;0;0;0;0;7;12;9;0;0;0;0;0;0;0;0;0;0;0;0;0;0;0;0;0;0;0;0;0;0;0;0;0;0;0;0;0;0;0;2
MUNICIPAL;20205;SAO JOSE DOS CAMPOS;1;0;478350;35478350;VALERIA APARECIDA DE ALMEIDA VASCONCELOS PROFA EMEI;645;SAO JOSE DOS CAMPOS;RESIDENCIAL GAZZO;1;SAO JOSE DOS CAMPOS;12236852;ESTRADA;ARCILIO MOREIRA DA SILVA ;191;12;39318887;;EMEIVALERIAAPARECIDA@SJC.SP.GOV.BR;1;192;481;0;0;0;0;0;0;0;0;0;0;0;0;0;0;0;0;0;0;0;0;0;0;0;0;0;0;0;0;0;0;0;10;9;23;0;0;0;0;0;0;0;0;0;0;0;0;0;0;0;0;0;0;0;0;0;0;0;0;0;0;0;0;0;0;0;2
MUNICIPAL;20205;SAO JOSE DOS CAMPOS;1;0;69048;35069048;VERA BABO DE OLIVEIRA PROFA EMEF;645;SAO JOSE DOS CAMPOS;JARDIM ALTOS DE SANTANA;1;SAO JOSE DOS CAMPOS;12214010;AVENIDA;ALTO DO RIO DOCE ;801;12;39215748;39424478;EMEFVERABABO@SJC.SP.GOV.BR;1;0;0;64;91;68;88;97;62;64;81;86;0;0;0;0;0;0;0;0;0;0;0;0;0;0;0;0;0;0;0;0;0;231;3;0;0;2;4;3;3;5;3;4;5;5;0;0;0;0;0;0;0;0;0;0;0;0;0;0;0;0;0;0;0;0;0;19;1
MUNICIPAL;20205;SAO JOSE DOS CAMPOS;1;0;86022;35086022;VERA LUCIA CARNEVALLI BARRETO PROFA EMEF;645;SAO JOSE DOS CAMPOS;SANTANA;1;SAO JOSE DOS CAMPOS;12211115;AVENIDA;OLIVO GOMES ;520;12;39216258;39422780;EMEFVERALUCIA@SJC.SP.GOV.BR;1;0;0;120;90;119;120;90;120;120;116;118;0;0;0;0;0;0;0;0;0;0;0;0;0;0;0;0;0;0;0;0;0;115;21;0;0;6;5;5;7;3;8;6;5;8;0;0;0;0;0;0;0;0;0;0;0;0;0;0;0;0;0;0;0;0;0;9;2
MUNICIPAL;20205;SAO JOSE DOS CAMPOS;1;0;66412;35066412;VICENTE SIMIAO LUZ NEI;645;SAO JOSE DOS CAMPOS;JARDIM SAO LEOPOLDO;1;SAO JOSE DOS CAMPOS;12228191;RUA;NATALIO ANGELO STABELI ;20;12;39441481;;NEIVICENTESIMIAO@SJC.SP.GOV.BR;1;31;61;0;0;0;0;0;0;0;0;0;0;0;0;0;0;0;0;0;0;0;0;0;0;0;0;0;0;0;0;0;0;0;0;2;4;0;0;0;0;0;0;0;0;0;0;0;0;0;0;0;0;0;0;0;0;0;0;0;0;0;0;0;0;0;0;0;0
MUNICIPAL;20205;SAO JOSE DOS CAMPOS;1;0;95936;35095936;VILA PAIVA NEI;645;SAO JOSE DOS CAMPOS;VILA PAIVA;1;SAO JOSE DOS CAMPOS;12213400;RUA;ANTONIO PEDRO PEROTTI ;375;12;39228122;;NEIVILAPAIVA@SJC.SP.GOV.BR;1;38;112;0;0;0;0;0;0;0;0;0;0;0;0;0;0;0;0;0;0;0;0;0;0;0;0;0;0;0;0;0;0;0;0;3;8;0;0;0;0;0;0;0;0;0;0;0;0;0;0;0;0;0;0;0;0;0;0;0;0;0;0;0;0;0;0;0;0
MUNICIPAL;20205;SAO JOSE DOS CAMPOS;1;0;92228;35092228;VILA SAO BENTO NEI;645;SAO JOSE DOS CAMPOS;VILA SAO BENTO;1;SAO JOSE DOS CAMPOS;12231600;RUA;GURUPI ;40;12;39434271;;NEIVILASAOBENTO@SJC.SP.GOV.BR;1;12;28;0;0;0;0;0;0;0;0;0;0;0;0;0;0;0;0;0;0;0;0;0;0;0;0;0;0;0;0;0;0;0;0;1;2;0;0;0;0;0;0;0;0;0;0;0;0;0;0;0;0;0;0;0;0;0;0;0;0;0;0;0;0;0;0;0;0
MUNICIPAL;20205;SAO JOSE DOS CAMPOS;1;0;91571;35091571;VILA SAO GERALDO NEI DA;645;SAO JOSE DOS CAMPOS;VILA SAO GERALDO;1;SAO JOSE DOS CAMPOS;12213270;RUA;MANOEL FERNANDES NETTO MAJOR;320;12;39212537;;EMEIPADREBONAFE@SJC.SP.GOV.BR;1;5;96;0;0;0;0;0;0;0;0;0;0;0;0;0;0;0;0;0;0;0;0;0;0;0;0;0;0;0;0;0;0;0;0;1;7;0;0;0;0;0;0;0;0;0;0;0;0;0;0;0;0;0;0;0;0;0;0;0;0;0;0;0;0;0;0;0;0
MUNICIPAL;20205;SAO JOSE DOS CAMPOS;1;0;658807;35658807;VISCONDE DE SABUGOSA NUCLEO DE EDUCACAO INFANTIL;466;MONTEIRO LOBATO;CENTRO;1;MONTEIRO LOBATO;12250000;BAIRRO SAO BENEDITO;RODOVIA SP 50;SN;12;39791268;;NARIZINHOARREBITADO@HOTMAIL.COM;2;0;10;0;0;0;0;0;0;0;0;0;0;0;0;0;0;0;0;0;0;0;0;0;0;0;0;0;0;0;0;0;0;0;0;0;1;0;0;0;0;0;0;0;0;0;0;0;0;0;0;0;0;0;0;0;0;0;0;0;0;0;0;0;0;0;0;0;0
MUNICIPAL;20205;SAO JOSE DOS CAMPOS;1;0;56765;35056765;WALDEMAR RAMOS PROF EMEF;645;SAO JOSE DOS CAMPOS;CIDADE VISTA VERDE;1;SAO JOSE DOS CAMPOS;12223410;RUA;MEXICO ;84;12;39120318;39125840;EMEFWALDEMARRAMOS@SJC.SP.GOV.BR;1;0;0;90;91;64;62;90;96;88;96;91;0;0;0;0;0;0;0;0;0;0;0;0;0;0;0;0;0;0;0;0;0;91;20;0;0;3;6;4;4;5;4;5;6;6;0;0;0;0;0;0;0;0;0;0;0;0;0;0;0;0;0;0;0;0;0;10;2
MUNICIPAL;20205;SAO JOSE DOS CAMPOS;1;0;91546;35091546;ZELI DE TOLEDO DIAS PROFA EMEI;645;SAO JOSE DOS CAMPOS;JARDIM UIRA;1;SAO JOSE DOS CAMPOS;12227620;AVENIDA;CURRUIRAS ;160;12;39214527;;EMEIZELIDETOLEDO@SJC.SP.GOV.BR;1;69;133;0;0;0;0;0;0;0;0;0;0;0;0;0;0;0;0;0;0;0;0;0;0;0;0;0;0;0;0;0;0;0;0;4;5;0;0;0;0;0;0;0;0;0;0;0;0;0;0;0;0;0;0;0;0;0;0;0;0;0;0;0;0;0;0;0;0
MUNICIPAL;20205;SAO JOSE DOS CAMPOS;1;0;56753;35056753;ZENAIDE VILALVA ARAUJO PROFA EMEI;645;SAO JOSE DOS CAMPOS;VILA ADYANA;1;SAO JOSE DOS CAMPOS;12243750;RUA;PRUDENTE MEIRELES DE MORAIS ENGENHEIRO;1000;12;39217439;;EMEIZENAIDEVILALVA@SJC.SP.GOV.BR;1;310;0;0;0;0;0;0;0;0;0;0;0;0;0;0;0;0;0;0;0;0;0;0;0;0;0;0;0;0;0;0;0;0;0;19;0;0;0;0;0;0;0;0;0;0;0;0;0;0;0;0;0;0;0;0;0;0;0;0;0;0;0;0;0;0;0;0;0
MUNICIPAL;20205;SAO JOSE DOS CAMPOS;1;0;91510;35091510;ZILDA COSTA DE OLIVEIRA PROFA EMEI;645;SAO JOSE DOS CAMPOS;JARDIM DA GRANJA;1;SAO JOSE DOS CAMPOS;12227230;PRACA;HELIO DIAS ;137;12;39225411;;EMEIZILDACOSTA@SJC.SP.GOV.BR;1;208;165;0;0;0;0;0;0;0;0;0;0;0;0;0;0;0;0;0;0;0;0;0;0;0;0;0;0;0;0;0;0;0;0;11;9;0;0;0;0;0;0;0;0;0;0;0;0;0;0;0;0;0;0;0;0;0;0;0;0;0;0;0;0;0;0;0;0
