Nome_dependencia_Administrativa;Diretoria_de_ensino;Nome_Escola;Codigo_Municipio;Municipio;Bairro;Distrito;CEP;Complemento;Endereco;Numero;Ddd;Fone1;Fone2;Email
MUNICIPAL;SAO JOSE DOS CAMPOS;ALADIR MAIA RIBEIRO GOMES NEI;645;SAO JOSE DOS CAMPOS;JARDIM SATELITE;SAO JOSE DOS CAMPOS;12230060;RUA;PORTO NOVO ;45;12;39316902;;NEIALADIR@SJC.SP.GOV.BR
MUNICIPAL;SAO JOSE DOS CAMPOS;ALTO DA PONTE NEI;645;SAO JOSE DOS CAMPOS;ALTO DA PONTE;SAO JOSE DOS CAMPOS;12212430;RUA;ITARARE ;116;12;39416097;;EMEIPADREBONAFE@SJC.SP.GOV.BR
MUNICIPAL;SAO JOSE DOS CAMPOS;ALVARO GONCALVES PROF EMEF;645;SAO JOSE DOS CAMPOS;CAMPO DOS ALEMAES;SAO JOSE DOS CAMPOS;12239740;RUA;RUA ALBERTINA PEREIRA LIMA;151;12;39660324;39661278;EMEFALVAROGONCALVES@SJC.SP.GOV.BR
MUNICIPAL;SAO JOSE DOS CAMPOS;ANA BERLING MACEDO PROFA EMEF;645;SAO JOSE DOS CAMPOS;ALTO DA PONTE;SAO JOSE DOS CAMPOS;12212500;RUA;RUA ALZIRO LEBRAO;318;12;39216839;;EMEFANABERLING@SJC.SP.GOV.BR
MUNICIPAL;SAO JOSE DOS CAMPOS;ANA ISABEL BARBOSA PROFA NEI;645;SAO JOSE DOS CAMPOS;BUQUIRINHA;SAO JOSE DOS CAMPOS;12213790;RUA;BENEDITO DE OLIVEIRA E SILVA ;115;12;39481313;;NEIANAISABEL@SJC.SP.GOV.BR
MUNICIPAL;SAO JOSE DOS CAMPOS;ANA LUCIA DE CASTRO MICHELETO PROFA EMEI;645;SAO JOSE DOS CAMPOS;VILA TATETUBA;SAO JOSE DOS CAMPOS;12220140;RUA;PATATIVA ;200;12;39296843;;EMEIANALUCIA@SJC.SP.GOV.BR
MUNICIPAL;SAO JOSE DOS CAMPOS;ANGELA DE CASTRO FERNANDES LOPES PROFA EMEI;645;SAO JOSE DOS CAMPOS;PARQUE INDUSTRIAL;SAO JOSE DOS CAMPOS;12235650;RUA;TURIACU ;792;12;39318518;39334594;EMEIANGELADECASTRO@SJC.SP.GOV.BR
MUNICIPAL;SAO JOSE DOS CAMPOS;ANJELA MARIA DE SOUZA ALVES PROFA IMI;645;SAO JOSE DOS CAMPOS;CIDADE MORUMBI;SAO JOSE DOS CAMPOS;12236580;AVENIDA;BENEDITO BENTO ;80;12;39315466;;IMIANJELAMARIA@SJC.SP.GOV.BR
MUNICIPAL;SAO JOSE DOS CAMPOS;ANTONIO PALMA SOBRINHO PROF EMEF;645;SAO JOSE DOS CAMPOS;PARQUE NOVA ESPERANCA;SAO JOSE DOS CAMPOS;12226170;RUA;ANGELO SCARPEL ;163;12;39071124;39073939;EMEFANTONIOPALMA@SJC.SP.GOV.BR
MUNICIPAL;SAO JOSE DOS CAMPOS;ARLINDO CAETANO FILHO PROF EMEI;645;SAO JOSE DOS CAMPOS;CONJUNTO RESIDENCIAL TRINTA E UM DE MARCO;SAO JOSE DOS CAMPOS;12237200;RUA;VALDEMIR DE OLIVEIRA ;42;12;39311684;;EMEIARLINDOCAETANO@SJC.SP.GOV.BR
MUNICIPAL;SAO JOSE DOS CAMPOS;ARMILINDA LOCATELLI DE MACEDO IMI;645;SAO JOSE DOS CAMPOS;VILA TESOURO;SAO JOSE DOS CAMPOS;12221560;RUA;VITORIO CARNEVALLI ;176;12;39295149;;IMIARMILINDALOCATELLI@SJC.SP.GOV.BR
MUNICIPAL;SAO JOSE DOS CAMPOS;ARTUR APARECIDO DA ROSA EMEI;645;SAO JOSE DOS CAMPOS;JARDIM SAO JUDAS TADEU;SAO JOSE DOS CAMPOS;12228370;AVENIDA;VICENTE DE PAULO SAO;SN;12;39441765;;PLANEJAMENTOESCOLAR@SJC.SP.GOV.BR
MUNICIPAL;SAO JOSE DOS CAMPOS;AUREA CANTINHO RODRIGUES PROFA EMEF;645;SAO JOSE DOS CAMPOS;JARDIM OSWALDO CRUZ;SAO JOSE DOS CAMPOS;12216600;RUA;IRAN ;135;12;39218765;39428011;EMEFAUREACANTINHO@SJC.SP.GOV.BR
MUNICIPAL;SAO JOSE DOS CAMPOS;BAIRRO DOS FREITAS NEI DO;645;SAO JOSE DOS CAMPOS;FREITAS;SAO JOSE DOS CAMPOS;12214422;ESTRADA MUNICIPAL;JOSE BENEDITO DE OLIVEIRA ;1938;12;39482834;;NEIBAIRRODOSFREITAS@SJC.SP.GOV.BR
MUNICIPAL;SAO JOSE DOS CAMPOS;BAIRRO SAO BENEDITO EMEF;466;MONTEIRO LOBATO;SAO BENEDITO;MONTEIRO LOBATO;12250000;PRACA;RODVIA SP KM 50;SN;12;39791345;;ESCOLAFUNDAMENTAL@MONTEIROLOBATO.SP.GOV.BR
MUNICIPAL;SAO JOSE DOS CAMPOS;BENEDITO CARVALHO DOS SANTOS IMI;645;SAO JOSE DOS CAMPOS;VILA MARIA;SAO JOSE DOS CAMPOS;12209510;AVENIDA;TEOTONIO VILELA SENADOR;900;12;39215666;39225253;IMIBENEDITOCARVALHO@SJC.SP.GOV.BR
MUNICIPAL;SAO JOSE DOS CAMPOS;CASSIANO RICARDO EMEI;645;SAO JOSE DOS CAMPOS;VILA ADYANA;SAO JOSE DOS CAMPOS;12243750;RUA;PRUDENTE MEIRELES DE MORAIS ENGENHEIRO;1000;12;39211117;;EMEICASSIANORICARDO@SJC.SP.GOV.BR
MUNICIPAL;SAO JOSE DOS CAMPOS;CLEANIR SANTOS MALDONADO CAMPOY PROFA NEI;645;SAO JOSE DOS CAMPOS;JARDIM AEROPORTO;SAO JOSE DOS CAMPOS;12231140;RUA;NORUEGA ;726;12;39229394;;NEICLEANIRSANTOS@SJC.SP.GOV.BR
MUNICIPAL;SAO JOSE DOS CAMPOS;CREMILDA ALVES DE OLIVEIRA AZEVEDO PROFA NEI;645;SAO JOSE DOS CAMPOS;VILA NOVA CRISTINA;SAO JOSE DOS CAMPOS;12211135;RUA;DURVALINA ISAURA CONCEICAO DOS SANTOS ;242;12;39423139;;EMEICREMILDAALVES@SJC.SP.GOV.BR
MUNICIPAL;SAO JOSE DOS CAMPOS;DIMEIA MARIA FERREIRA DINIZ ENDO PROFA INST MATERNO INFANTIL;645;SAO JOSE DOS CAMPOS;CAMPO DOS ALEMAES;SAO JOSE DOS CAMPOS;12239170;RUA;NELSON JOSE DE CARVALHO FERREIRA ;91;12;39661605;;IMIDIMEIAMARIA@SJC.SP.GOV.BR
MUNICIPAL;SAO JOSE DOS CAMPOS;DOMINGOS DE MACEDO CUSTODIO PROF EMEI;645;SAO JOSE DOS CAMPOS;VILA TESOURO;SAO JOSE DOS CAMPOS;12221470;RUA;JOSE DE MOURA RESENDE DOUTOR;372;12;39292325;;EMEIDOMINGOSDEMACEDO@SJC.SP.GOV.BR
MUNICIPAL;SAO JOSE DOS CAMPOS;DOROTI DA SILVA CUNHA NEI;645;SAO JOSE DOS CAMPOS;JARDIM SANTA INES I;SAO JOSE DOS CAMPOS;12248490;RUA;ABELARDO ALVES DE PAIVA ;300;12;39291928;;NEIDOROTIDASILVA@SJC.SP.GOV.BR
MUNICIPAL;SAO JOSE DOS CAMPOS;DOSULINA CHENQUE CHAVES DE ANDRADE PROFA EMEF;645;SAO JOSE DOS CAMPOS;JARDIM ALTOS DE SANTANA;SAO JOSE DOS CAMPOS;12214000;AVENIDA;PICO DAS AGULHAS NEGRAS ;1594;12;39216448;;EMEFDOSULINA@SJC.SP.GOV.BR
MUNICIPAL;SAO JOSE DOS CAMPOS;EDERA IRENE PEREIRA DE OLIVEIRA CARDOSO PROFA EMEI;645;SAO JOSE DOS CAMPOS;JARDIM PARAISO DO SOL;SAO JOSE DOS CAMPOS;12225250;RUA;RUA LUIS ANTONIO RIBEIRO DE MACEDO;330;12;39071481;39072133;EMEIEDERAIRENE@SJC.SP.GOV.BR
MUNICIPAL;SAO JOSE DOS CAMPOS;ELIZABETE DE PAULA HONORATO PROFA EMEF;645;SAO JOSE DOS CAMPOS;JARDIM MARIANA I;SAO JOSE DOS CAMPOS;12226854;RUA;AURELIO PORTILHO CASTELLANOS ;124;12;39129467;;EMEFELIZABETEPAULA@SJC.SP.GOV.BR
MUNICIPAL;SAO JOSE DOS CAMPOS;ELIZABETH COELHO MICHELLETO EMEF;466;MONTEIRO LOBATO;CENTRO;MONTEIRO LOBATO;12250000;PRACA;RUA HUMBERTO CAPELLI;221;12;39791345;;ESCOLAFUNDAMENTALO@MONTEIROLOBATO.SP.GOV.BR
MUNICIPAL;SAO JOSE DOS CAMPOS;ELZA FERREIRA RAHAL PROFA NEI;645;SAO JOSE DOS CAMPOS;VILA MARIA;SAO JOSE DOS CAMPOS;12209250;RUA;PARANA ;111;12;39091074;;EMEIELZAFERREIRA@SJC.SP.GOV.BR
MUNICIPAL;SAO JOSE DOS CAMPOS;ELZA MARIA DIAS MENDONCA PROFA NEI;645;SAO JOSE DOS CAMPOS;MONTE CASTELO;SAO JOSE DOS CAMPOS;12215170;PRACA;FRANCISCO ESCOBAR ;103;12;39235216;;NEIELZAMARIA@SJC.SP.GOV.BR
MUNICIPAL;SAO JOSE DOS CAMPOS;ELZA REGINA FERREIRA BEVILACQUA PROFA EMEF;645;SAO JOSE DOS CAMPOS;JARDIM ESTORIL;SAO JOSE DOS CAMPOS;12232040;RUA;BRENO DE MOURA ;SN;12;39166420;39167020;EMEFELZAREGINA@SJC.SP.GOV.BR
MUNICIPAL;SAO JOSE DOS CAMPOS;EMEF EMMANUEL ANTONIO DOS SANTOS;645;SAO JOSE DOS CAMPOS;RESIDENCIAL FREI GALVAO;SAO JOSE DOS CAMPOS;12248701;RUA;RUA DAS CEREJAS;150;12;39298970;;EMEFEMMANUELANTONIO@SJC.SP.GOV.BR
MUNICIPAL;SAO JOSE DOS CAMPOS;EMEF PROFESSORA MERCEDES MARIA PEROTTI ;645;SAO JOSE DOS CAMPOS;RIO COMPRIDO;SAO JOSE DOS CAMPOS;12238000;AVENIDA;RUA SAO FRANCISCO ;181;12;39311428;;EMEFRIOCOMPRIDO@SJC.SP.GOV.BR
MUNICIPAL;SAO JOSE DOS CAMPOS;EMILIA NUCLEO DE EDUCACAO INFANTIL ;466;MONTEIRO LOBATO;CENTRO;MONTEIRO LOBATO;12250000;BAIRRO SOUZAS;AVENIDA SANTA RITA E CASSIA;SN;12;39791268;39794145;ESCOLAINFANTIL@MONTEIROLOBATO.SP.GOV.BR
MUNICIPAL;SAO JOSE DOS CAMPOS;EUGENIO DE MELO NEI;645;SAO JOSE DOS CAMPOS;EUGENIO DE MELLO;EUGENIO DE MELO;12247160;RUA;ELOY PORTO ;120;12;39052153;;NEIEUGENIOMELO@SJC.SP.GOV.BR
MUNICIPAL;SAO JOSE DOS CAMPOS;FEBRONIO PEREIRA GOMES EMEI;645;SAO JOSE DOS CAMPOS;PARQUE NOVO HORIZONTE;SAO JOSE DOS CAMPOS;12225700;RUA;CARTEIROS ;50;12;39071439;;EMEIFEBRONIOPEREIRA@SJC.SP.GOV.BR
MUNICIPAL;SAO JOSE DOS CAMPOS;FERNANDO TAO DE AZEVEDO INSTITUTO MATERNO INFANTIL;645;SAO JOSE DOS CAMPOS;JARDIM SATELITE;SAO JOSE DOS CAMPOS;12230130;RUA;BAMBUI ;25;12;39318990;;IMIFERNANDOTAO@SJC.SP.GOV.BR
MUNICIPAL;SAO JOSE DOS CAMPOS;FLAVIO BERLING MACEDO PROF EMEF;645;SAO JOSE DOS CAMPOS;VL MARIA;SAO JOSE DOS CAMPOS;12209250;RUA;R PARANA;111;12;39091070;;EMEFFLAVIOBERLING@SJC.SP.GOV.BR
MUNICIPAL;SAO JOSE DOS CAMPOS;FLAVIO LENZI IMI;645;SAO JOSE DOS CAMPOS;VILA TATETUBA;SAO JOSE DOS CAMPOS;12220220;PRACA;GAIVOTAS ;535;12;39123027;;IMIFLAVIOLENZI@SJC.SP.GOV.BR
MUNICIPAL;SAO JOSE DOS CAMPOS;GERALDO DE ALMEIDA PROF EMEF;645;SAO JOSE DOS CAMPOS;CHACARAS POUSADA DO VALE;SAO JOSE DOS CAMPOS;12226763;RUA;RUA CAMOMILA;100;12;39292545;39294566;EMEFGERALDOALMEIDA@SJC.SP.GOV.BR
MUNICIPAL;SAO JOSE DOS CAMPOS;HELENA FERREIRA PROFESSORA IMI;645;SAO JOSE DOS CAMPOS;MONTE CASTELO;SAO JOSE DOS CAMPOS;12215580;RUA;WALDIR GAIOSO ;SN;;;;IMIHELENAFERREIRA@SJC.SP.GOV.BR
MUNICIPAL;SAO JOSE DOS CAMPOS;HELENA VAZ DE LIMA SOLIVA PROFA INSTITUTO MATERNO INFANTIL;645;SAO JOSE DOS CAMPOS;JARDIM SAO DIMAS;SAO JOSE DOS CAMPOS;12245000;AVENIDA;FRANCISCO JOSE LONGO ENGENHEIRO;526;12;39128383;;IMIHELENASOLIVA@SJC.SP.GOV.BR
MUNICIPAL;SAO JOSE DOS CAMPOS;HELIO AUGUSTO DE SOUZA CENTRO EDUC PROFISSSIONAL CEPHAS;645;SAO JOSE DOS CAMPOS;FLORADAS DE SAO JOSE;SAO JOSE DOS CAMPOS;12230084;RUA;RUA TSUNESSABURO MAKIGUTI;399;12;39335022;39341135;DIRCEPHAS@FUNDHAS.ORG.BR
MUNICIPAL;SAO JOSE DOS CAMPOS;HELIO AUGUSTO DE SOUZA PROF EMEF;645;SAO JOSE DOS CAMPOS;JARDIM VALPARAIBA;SAO JOSE DOS CAMPOS;12221371;PRACA;PRACA DOS MUSICOS;SN;12;39295996;;EMEFHELIOAUGUSTO@SJC.SP.GOV.BR
MUNICIPAL;SAO JOSE DOS CAMPOS;HELIO WALTER BEVILACQUA PROFESSOR EMEF;645;SAO JOSE DOS CAMPOS;JARDIM REPUBLICA;SAO JOSE DOS CAMPOS;12234831;RUA;RUA OSCAR FERREIRA DA SILVA;155;12;39392310;;EMEFHELIOBEVILACQUA@SJC.SP.BR
MUNICIPAL;SAO JOSE DOS CAMPOS;HOMERA DA SILVA BRAGA PROFA EMEF;645;SAO JOSE DOS CAMPOS;CIDADE MORUMBI;SAO JOSE DOS CAMPOS;12236450;RUA;JOAQUIM DE PAULA ;670;12;39379166;39379329;EMEFHOMERA@SJC.SP.GOV.BR
MUNICIPAL;SAO JOSE DOS CAMPOS;IDELENA MENEZES TREFILIO DE CARVALHO PROFA EMEI;645;SAO JOSE DOS CAMPOS;SANTANA;SAO JOSE DOS CAMPOS;12211115;AVENIDA;OLIVO GOMES ;590;12;39215770;;EMEIIDELENAMENEZES@SJC.SP.GOV.BR
MUNICIPAL;SAO JOSE DOS CAMPOS;ILDETE MENDONCA BARBOSA PROFA EMEF;645;SAO JOSE DOS CAMPOS;RESIDENCIAL UNIAO;SAO JOSE DOS CAMPOS;12239024;RUA;MIGUEL JANSEN FILHO DOUTOR;80;12;39661026;39661688;EMEFILDETEMENDONCA@SJC.SP.GOV.BR
MUNICIPAL;SAO JOSE DOS CAMPOS;ILGA PUSPLATAIS PROFA EMEF;645;SAO JOSE DOS CAMPOS;JARDIM ISMENIA;SAO JOSE DOS CAMPOS;12220690;RUA;UBERLANDIA ;465;12;39023695;;EMEFILGA@SJC.SP.GOV.BR
MUNICIPAL;SAO JOSE DOS CAMPOS;ILZA NASCIMENTO PINTUS PROFESSORA NEI;645;SAO JOSE DOS CAMPOS;CHACARAS REUNIDAS;SAO JOSE DOS CAMPOS;12238360;RUA;MIRACEMA ;SN;12;39343836;;NEICHACARASREUNIDAS@SJC.SP.GOV.BR
MUNICIPAL;SAO JOSE DOS CAMPOS;INST MATERNAL INF PROFA ELIANA DE OLIVEIRA SANTOS CRUZ;645;SAO JOSE DOS CAMPOS;RESIDENCIAL ARMANDO MOREIRA RIGHI;SAO JOSE DOS CAMPOS;12247806;RUA;CELSO NEGRAO ;150;12;39123793;;PLANEJAMENTOESCOLAR@SJC.SP.GOV.BR
MUNICIPAL;SAO JOSE DOS CAMPOS;IRACEMA OLIVEIRA DE MELLO EMEI;645;SAO JOSE DOS CAMPOS;JARDIM SANTO ONOFRE;SAO JOSE DOS CAMPOS;12228077;RUA;ROBERTO APARECIDO CRUZ ;60;12;39442328;;EMEIIRACEMAOLIVEIRA@SJC.SP.GOV.BR
MUNICIPAL;SAO JOSE DOS CAMPOS;JACYRA VIEIRA BARACHO PROFA EMEF;645;SAO JOSE DOS CAMPOS;JARDIM VENEZA;SAO JOSE DOS CAMPOS;12237060;RUA;FLORENCA ;100;12;39330650;39345407;EMEFJACYRABARACHO@SJC.SP.GOV.BR
MUNICIPAL;SAO JOSE DOS CAMPOS;JANE PALUMBO PROFA EMEI;645;SAO JOSE DOS CAMPOS;CONJUNTO RESIDENCIAL DOM PEDRO I;SAO JOSE DOS CAMPOS;12232610;RUA;RUA EDILSON SABINO DOS SANTOS;SN;12;39668339;;EMEIJANEPALUMBO@SJC.SP.GOV.BR
MUNICIPAL;SAO JOSE DOS CAMPOS;JARDIM MORUMBI NUCLEO DE EDUCACAO INFANTIL;645;SAO JOSE DOS CAMPOS;CIDADE MORUMBI;SAO JOSE DOS CAMPOS;12236740;AVENIDA;ELISIO GALDINO SOBRINHO ;40;12;39310002;;EMEIJARDIMMORUMBI@SJC.SP.GOV.BR
MUNICIPAL;SAO JOSE DOS CAMPOS;JESUS DE NAZARE IMI;645;SAO JOSE DOS CAMPOS;VILA SAO BENTO;SAO JOSE DOS CAMPOS;12231580;RUA;APA ;100;12;39222319;;IMIJESUSDENAZARE@SJC.SP.GOV.BR
MUNICIPAL;SAO JOSE DOS CAMPOS;JOANA MATTAR DE OLIVEIRA IMI;645;SAO JOSE DOS CAMPOS;CONJUNTO RESIDENCIAL TRINTA E UM DE MARCO;SAO JOSE DOS CAMPOS;12237000;RUA;JOSE COBRA ;95;12;39319818;;IMIJOANAMATTAR@SJC.SP.GOV.BR
MUNICIPAL;SAO JOSE DOS CAMPOS;JOAO LOPES SIMOES IMI;645;SAO JOSE DOS CAMPOS;JARDIM ORIENTE;SAO JOSE DOS CAMPOS;12236190;PRACA;ALEXANDRE MAGNO ;166;12;39310194;;IMIJOAOLOPES@SJC.SP.GOV.BR
MUNICIPAL;SAO JOSE DOS CAMPOS;JOAO MARCONDES GUIMARAES PADRE EMEI;645;SAO JOSE DOS CAMPOS;BOSQUE DOS EUCALIPTOS;SAO JOSE DOS CAMPOS;12233420;RUA;TATUI ;27;12;39165257;;EMEIPADREJOAO@SJC.SP.GOV.BR
MUNICIPAL;SAO JOSE DOS CAMPOS;JOSE ANTERO CURSINO DOS SANTOS PROF NEI;645;SAO JOSE DOS CAMPOS;JARDIM SATELITE;SAO JOSE DOS CAMPOS;12230810;RUA;ITAPOA ;101;12;39313718;;EMEIJOSEANTERO@SJC.SP.GOV.BR
MUNICIPAL;SAO JOSE DOS CAMPOS;JOSE MADUREIRA LEBRAO EMEI;645;SAO JOSE DOS CAMPOS;JARDIM MARIANA II;SAO JOSE DOS CAMPOS;12226880;RUA;MAURICIO MALDONADO JUNIOR ;94;12;39129608;39292322;EMEIJOSEMADUREIRA@SJC.SP.GOV.BR
MUNICIPAL;SAO JOSE DOS CAMPOS;JOSE PAULINO BICUDO NEI;645;SAO JOSE DOS CAMPOS;CONJUNTO RESIDENCIAL VALE DOS PINHEIROS;SAO JOSE DOS CAMPOS;12242370;RUA;JAVAES ;SN;12;39415895;;NEIJOSEPAULINOBICUDO@SJC.SP.GOV.BR
MUNICIPAL;SAO JOSE DOS CAMPOS;JOSE PURCINI EMEI;645;SAO JOSE DOS CAMPOS;JARDIM SANTA INES II;SAO JOSE DOS CAMPOS;12248515;RUA;CIRURGIOES DENTISTAS ;480;12;39125780;39297402;EMEIJOSEPURCINI@SJC.SP.GOV.BR
MUNICIPAL;SAO JOSE DOS CAMPOS;JOSE RUBENS FRANCO BONAFE PADRE EMEI;645;SAO JOSE DOS CAMPOS;JARDIM SANTA MATILDE;SAO JOSE DOS CAMPOS;12213580;RUA;SALETE NOSSA SENHORA;34;12;39219987;;EMEIPADREBONAFE@SJC.SP.GOV.BR
MUNICIPAL;SAO JOSE DOS CAMPOS;JOSE SODERO BITENCOURT PROF EMEI;645;SAO JOSE DOS CAMPOS;RESIDENCIAL BOSQUE DOS IPES;SAO JOSE DOS CAMPOS;12236874;RUA;JOSE ANTONIO MONTEIRO SANTOS ;15;12;39394096;;EMEIJOSESODERO@SJC.SP.GOV.BR
MUNICIPAL;SAO JOSE DOS CAMPOS;LADIEL BENEDITO DE CARVALHO PROF EMEI;645;SAO JOSE DOS CAMPOS;PARQUE INTERLAGOS;SAO JOSE DOS CAMPOS;12229829;RUA;RUA ANA BENEDICTA DIAS PEDROSA;75;12;39441828;;EMEILADIELBENEDITO@SJC.SP.GOV.BR
MUNICIPAL;SAO JOSE DOS CAMPOS;LEONOR PEREIRA NUNES GALVAO PROFA EMEF;645;SAO JOSE DOS CAMPOS;VILA INDUSTRIAL;SAO JOSE DOS CAMPOS;12220300;RUA;JOSE MOLINA ;150;12;39121750;39291714;EMEFLEONORGALVAO@SJC.SP.GOV.BR
MUNICIPAL;SAO JOSE DOS CAMPOS;LOURDES DE OLIVEIRA MENDES PROFA EMEI;645;SAO JOSE DOS CAMPOS;JARDIM PARARANGABA;SAO JOSE DOS CAMPOS;12224720;RUA;RIO UNA ;488;12;39028879;;EMEILOURDESDEOLIVEIRA@SJC.SP.GOV.BR
MUNICIPAL;SAO JOSE DOS CAMPOS;LUCIA MARIA DO AMARAL PROFESSORA EMEI;645;SAO JOSE DOS CAMPOS;JARDIM SANTA LUZIA;SAO JOSE DOS CAMPOS;12228858;RUA;JOSE BENEDITO DE ALMEIDA PENA ;140;12;39129819;;AA.PUPIO@UOL.COM.BR
MUNICIPAL;SAO JOSE DOS CAMPOS;LUCIA PEREIRA RODRIGUES PROFA EMEF;645;SAO JOSE DOS CAMPOS;JARDIM SANTA FE;SAO JOSE DOS CAMPOS;12228110;RUA;PRACA IV CENTENARIO;401;12;39441769;39441850;EMEFLUCIAPEREIRA@SJC.SP.GOV.BR
MUNICIPAL;SAO JOSE DOS CAMPOS;LUIZ LEITE PROF EMEF;645;SAO JOSE DOS CAMPOS;CONJUNTO RESIDENCIAL GALO BRANCO;SAO JOSE DOS CAMPOS;12247540;RUA;BENEDITO ANDRADE ;5;12;39051139;39052510;EMEFLUIZLEITE@SJC.SP.GOV.BR
MUNICIPAL;SAO JOSE DOS CAMPOS;LUIZ SUNDFELD PROF EMEI;645;SAO JOSE DOS CAMPOS;CONJUNTO RESIDENCIAL GALO BRANCO;SAO JOSE DOS CAMPOS;12247530;RUA;FELICIO JABBUR NASSER ;1035;12;39052263;;EMEILUIZSUNDFELD@SJC.SP.GOV.BR
MUNICIPAL;SAO JOSE DOS CAMPOS;LUZIA LEVINA APARECIDA BORGES PROFA EMEF;645;SAO JOSE DOS CAMPOS;JARDIM CRUZEIRO DO SUL;SAO JOSE DOS CAMPOS;12234813;RUA;HONORATO GONCALVES TEIXEIRA ;205;12;39661187;39661569;EMEFLUZIALEVINA@SJC.SP.GOV.BR
MUNICIPAL;SAO JOSE DOS CAMPOS;MARIA ALICE PASQUARELLI PROFA EMEI;645;SAO JOSE DOS CAMPOS;JARDIM COPACABANA;SAO JOSE DOS CAMPOS;12221221;PRACA;PRACA JOAQUIM FIGUEIRA DE ANDRADE;60;12;39291854;;EMEIMARIAALICE@SJC.SP.GOV.BR
MUNICIPAL;SAO JOSE DOS CAMPOS;MARIA AMELIA WAKAMATSU PROFA EMEF;645;SAO JOSE DOS CAMPOS;CAMPOS DE SAO JOSE;SAO JOSE DOS CAMPOS;12226690;RUA;VIRGILIO FERNANDES DE OLIVEIRA ;31;12;39124775;39297535;EMEFMARIAAMELIA@SJC.SP.GOV.BR
MUNICIPAL;SAO JOSE DOS CAMPOS;MARIA ANTONIETA FERREIRA PAYAR PROFA EMEF;645;SAO JOSE DOS CAMPOS;PINHERINHO DOS PALMARES;SAO JOSE DOS CAMPOS;12228256;CONJUNTO HABITACIONAL;TRÊS;S/N;12;39122739;;GLAUCIA.ARAUJO@SJC.SP.GOV.BR
MUNICIPAL;SAO JOSE DOS CAMPOS;MARIA APARECIDA SANTOS RONCONI PROFA EMEF;645;SAO JOSE DOS CAMPOS;MONTE CASTELO;SAO JOSE DOS CAMPOS;12215390;RUA;ANA GONCALVES DA CUNHA ;400;12;39114549;;EMEFMARIARONCONI@SJC.SP.GOV.BR
MUNICIPAL;SAO JOSE DOS CAMPOS;MARIA AUGUSTA MOREIRA DA COSTA PROFA EMEF;645;SAO JOSE DOS CAMPOS;JARDIM UIRA;SAO JOSE DOS CAMPOS;12227621;RUA;RUA DOS CANINDES;SN;12;39118948;;EMEFMARIAAUGUSTA@SJC.SP.GOV.BR
MUNICIPAL;SAO JOSE DOS CAMPOS;MARIA DA GLORIA MARIANO SANTOS PROFA EMEI;645;SAO JOSE DOS CAMPOS;JARDIM TELESPARK;SAO JOSE DOS CAMPOS;12212810;PRACA;CESAR TRABALLI ;80;12;39226002;;EMEIMARIADAGLORIA@SJC.SP.GOV.BR
MUNICIPAL;SAO JOSE DOS CAMPOS;MARIA DE LOURDES CONSTANTINO PROFA IMI;645;SAO JOSE DOS CAMPOS;PARQUE NOVO HORIZONTE;SAO JOSE DOS CAMPOS;12225710;RUA;ELETRICISTAS ;330;12;39072113;39075994;IMIMARIADELOURDES@SJC.SP.GOV.BR
MUNICIPAL;SAO JOSE DOS CAMPOS;MARIA DE MELO PROFA EMEF;645;SAO JOSE DOS CAMPOS;PARQUE INDUSTRIAL;SAO JOSE DOS CAMPOS;12235741;RUA;INGA ;40;12;39313593;39348030;EMEFMARIAMELO@SJC.SP.GOV.BR
MUNICIPAL;SAO JOSE DOS CAMPOS;MARIA EZEQUIEL SANT'ANNA PROFA NEI;645;SAO JOSE DOS CAMPOS;JARDIM SATELITE;SAO JOSE DOS CAMPOS;12230320;RUA;CASTOR ;180;12;39374618;;EMEIMARIAEZEQUIEL@SJC.SP.GOV.BR
MUNICIPAL;SAO JOSE DOS CAMPOS;MARIA JOSE GUIDO BROGLIATO FREIRE PROFA EMEI;645;SAO JOSE DOS CAMPOS;JARDIM COLONIAL;SAO JOSE DOS CAMPOS;12234440;PRACA;BERTOLINO CLAUDIO ;56;12;39662351;;EMEIMARIAJOSEGUIDO@SJC.SP.GOV.BR
MUNICIPAL;SAO JOSE DOS CAMPOS;MARIA NAZARETH DE MOURA VERONESE PROFA EMEF;645;SAO JOSE DOS CAMPOS;JARDIM DA GRANJA;SAO JOSE DOS CAMPOS;12227510;PRACA;COLUMBA ;45;12;39213424;39424341;EMEFMARIAVERONESE@SJC.SP.GOV.BR
MUNICIPAL;SAO JOSE DOS CAMPOS;MARIA OFELIA VENEZIANI PEDROSA PROFA EMEF;645;SAO JOSE DOS CAMPOS;JARDIM LIMOEIRO;SAO JOSE DOS CAMPOS;12241340;RUA;SERGIO GONZAGA AZEVEDO ;130;12;39330408;39349019;EMEFMARIAOFELIA@SJC.SP.GOV.BR
MUNICIPAL;SAO JOSE DOS CAMPOS;MARIANA TEIXEIRA CORNELIO PROFA EMEF;645;SAO JOSE DOS CAMPOS;JARDIM TELESPARK;SAO JOSE DOS CAMPOS;12212700;RUA;BENEDITO PEREIRA LIMA ;200;12;39133600;39133601;EMEFMARIANATEIXEIRA@SJC.SP.GOV.BR
MUNICIPAL;SAO JOSE DOS CAMPOS;MARIANITA DE OLIVEIRA PEREIRA SANTOS PROFA NEI;645;SAO JOSE DOS CAMPOS;BOSQUE DOS EUCALIPTOS;SAO JOSE DOS CAMPOS;12233290;RUA;VICOSA ;5;12;39361002;;EMEIMARIANITADEOLIVEIRA@SJC.SP.GOV.BR
MUNICIPAL;SAO JOSE DOS CAMPOS;MARILDA APARECIDA MONTEMOR PROFA EMEI;645;SAO JOSE DOS CAMPOS;JARDIM ORIENTE;SAO JOSE DOS CAMPOS;12236231;PRACA;VICTOR HUGO ;SN;12;39341602;39393268;EMEIMARILDAMONTEMOR@SJC.SP.GOV.BR
MUNICIPAL;SAO JOSE DOS CAMPOS;MARILDA FERREIRA DE BRITO BARROS PEREIRA IMI;645;SAO JOSE DOS CAMPOS;JARDIM VALPARAIBA;SAO JOSE DOS CAMPOS;12221371;PRACA;MUSICOS ;140;12;39120298;39298083;IMIMARILDAFERREIRA@SJC.SP.GOV.BR
MUNICIPAL;SAO JOSE DOS CAMPOS;MARIO CAMPANER PROF EMEI;645;SAO JOSE DOS CAMPOS;JARDIM DAS INDUSTRIAS;SAO JOSE DOS CAMPOS;12241100;PRACA;FLAMBOYANT ;131;12;39315785;;EMEIMARIOCAMPANER@SJC.SP.GOV.BR
MUNICIPAL;SAO JOSE DOS CAMPOS;MAROCA VENEZIANI IMI;645;SAO JOSE DOS CAMPOS;ALTO DA PONTE;SAO JOSE DOS CAMPOS;12212500;RUA;RUA ALZIRO LEBRAO;SN;12;39229937;;IMIMAROCAVENEZIANI@SJC.SP.GOV.BR
MUNICIPAL;SAO JOSE DOS CAMPOS;MARQUES DE RABICO NUCLEO DE EDUCACAO INFANTIL;466;MONTEIRO LOBATO;CENTRO;MONTEIRO LOBATO;12250000;BAIRRO TAGUARI - KM 114;RODOVIA SP-50 ;SN;12;39480314;39791268;NARIZINHOARREBITADO@HOTMAIL.COM
MUNICIPAL;SAO JOSE DOS CAMPOS;MARTHA ABIB CASTANHO PROFESSORA EMEF;645;SAO JOSE DOS CAMPOS;JARDIM SATELITE;SAO JOSE DOS CAMPOS;12230021;RUA;LEBLON ;60;12;39333008;39336355;EMEFMARTHAABIB@SJC.SP.GOV.BRF
MUNICIPAL;SAO JOSE DOS CAMPOS;MERCEDES CARNEVALLI KLEIN PROFA EMEF;645;SAO JOSE DOS CAMPOS;JARDIM SATELITE;SAO JOSE DOS CAMPOS;12230810;RUA;ITAPOA ;350;12;39311404;39349082;EMEFMERCEDESCARNEVALLI@SJC.SP.GOV.BR
MUNICIPAL;SAO JOSE DOS CAMPOS;MERCEDES RACHID EDWARDS EMEF;645;SAO JOSE DOS CAMPOS;SAO FRANCISCO XAVIER;SAO FRANCISCO XAVIER;12249000;PRACA;ESTRADA MUNICIPAL VEREADOR PEDRO DAVID;19251;12;39261634;39261874;EMEFMERCEDESRACHID@SJC.SP.GOV.BR
MUNICIPAL;SAO JOSE DOS CAMPOS;MOACYR BENEDICTO DE SOUZA PROF EMEF;645;SAO JOSE DOS CAMPOS;CAMPO DOS ALEMAES;SAO JOSE DOS CAMPOS;12239420;RUA;MARIA MARTINS OTTOBONI ;100;12;39661000;39661829;EMEFMOACYRBENEDICTO@SJC.SP.GOV.BR
MUNICIPAL;SAO JOSE DOS CAMPOS;NEI PROFESSORA MARIA APARECIDA SAVASTANO SANCHEZ;645;SAO JOSE DOS CAMPOS;CENTRO;SAO JOSE DOS CAMPOS;12249000;PRACA;RUA TREZE DE MAIO;SN;12;39261665;;NEISAOFRANCISCOXAVIER@SJC.SP.GOV.BR
MUNICIPAL;SAO JOSE DOS CAMPOS;NORMA DE CONTI SIMAO PROFA EMEF;645;SAO JOSE DOS CAMPOS;CAMPO DOS ALEMAES;SAO JOSE DOS CAMPOS;12239260;RUA;JOAO ADAO ;349;12;39371818;39372828;EMEFNORMACONTI@SJC.SP.GOV.BR
MUNICIPAL;SAO JOSE DOS CAMPOS;NORMA LUCIA RODRIGUES DE ALMEIDA PROFA EMEI;645;SAO JOSE DOS CAMPOS;JARDIM DAS FLORES;EUGENIO DE MELO;12247650;RUA;FLOR DE LIS ;133;12;39052099;;EMEINORMALUCIA@SJC.SP.GOV.BR
MUNICIPAL;SAO JOSE DOS CAMPOS;NÚCLEO DE EDUCAÇÃO INFANTIL NARIZINHO ARREBITADO ;466;MONTEIRO LOBATO;CENTRO;MONTEIRO LOBATO;12250000;PRACA;RUA HUMBERTO CAPELLI;191;12;39791268;;NARIZINHOARREBITADO@HOTMAIL.COM
MUNICIPAL;SAO JOSE DOS CAMPOS;NÚCLEO DE EDUCAÇÃO INFANTIL PROFA SILVIA HELENA DE SOUSA ;645;SAO JOSE DOS CAMPOS;SANTANA;SAO JOSE DOS CAMPOS;12211330;RUA;JOAO JOSE DO NASCIMENTO ;77;12;39235204;;NEIVILACESAR@SJC.SP.GOV.BR
MUNICIPAL;SAO JOSE DOS CAMPOS;OLGA FRANCO CUSTODIO PROFA NEI;645;SAO JOSE DOS CAMPOS;JARDIM MOTORAMA;SAO JOSE DOS CAMPOS;12224000;AVENIDA;ROSAS ;232;12;39296823;;EMEIOLGAFRANCO@SJC.SP.GOV.BR
MUNICIPAL;SAO JOSE DOS CAMPOS;OLIVIA DOS SANTOS FEIERABEND EMEF;466;MONTEIRO LOBATO;BAIRRO DO TAQUARI;MONTEIRO LOBATO;12250000;PRACA;ESTRADA SP 50 KM 114;SN;12;39480314;39481288;ESCOLAFUNDAMENTAL@MONTEIROLOBATO.SP.GOV.BR
MUNICIPAL;SAO JOSE DOS CAMPOS;OSWALDO COPPIO NEI;645;SAO JOSE DOS CAMPOS;JARDIM SAO JOSE II;SAO JOSE DOS CAMPOS;12248674;RUA;FREDIANO BIANCHI FILHO ;151;12;39291267;;NEIDOROTIDASILVA@SJC.SP.GOV.BR
MUNICIPAL;SAO JOSE DOS CAMPOS;OTACILIA MADUREIRA DE MOURA PROFA EMEF;645;SAO JOSE DOS CAMPOS;VILA NAIR;SAO JOSE DOS CAMPOS;12231270;PRACA;QUIRIRIM ;101;12;39215655;39424780;EMEFOTACILIAMOURA@SJC.SP.GOV.BR
MUNICIPAL;SAO JOSE DOS CAMPOS;PALMYRA SANT'ANNA PROFA EMEF;645;SAO JOSE DOS CAMPOS;VILA INDUSTRIAL;SAO JOSE DOS CAMPOS;12220000;AVENIDA;JUSCELINO KUBITSCHEK PRESIDENTE;6907;12;39125510;39292089;EMEFPALMYRASANTANNA@SJC.SP.GOV.BR
MUNICIPAL;SAO JOSE DOS CAMPOS;PEDRO DE ALCANTARA DOM EMEF;645;SAO JOSE DOS CAMPOS;CONJUNTO RESIDENCIAL DOM PEDRO I;SAO JOSE DOS CAMPOS;12232750;AVENIDA;ADILSON JOSE DA CRUZ ;7581;12;39661244;39661964;EMEFDOMPEDRO@SJC.SP.GOV.BR
MUNICIPAL;SAO JOSE DOS CAMPOS;PEDRO DE ALCANTARA DOM IMI;645;SAO JOSE DOS CAMPOS;CONJ HAB PAPA JOAO PAULO II;SAO JOSE DOS CAMPOS;12232427;RUA;RUA JOSE BENEDITO CASTILHO;SN;12;39662525;;IMIDOMPEDRO@SJC.SP.GOV.BR
MUNICIPAL;SAO JOSE DOS CAMPOS;POSSIDONIO JOSE DE FREITAS EMEF;645;SAO JOSE DOS CAMPOS;CONJUNTO RESIDENCIAL GALO BRANCO;SAO JOSE DOS CAMPOS;12247530;RUA;FELICIO JABBUR NASSER ;935;12;39051911;39053030;EMEFPOSSIDONIOFREITAS@SJC.SP.GOV.BR
MUNICIPAL;SAO JOSE DOS CAMPOS;POSSIDONIO SALLES PROFESSOR EMEF;645;SAO JOSE DOS CAMPOS;JARDIM AMERICANO;SAO JOSE DOS CAMPOS;12225070;RUA;BENEDITO ERAS ;SN;12;39027392;;EMEFPOSSIDONIOSALLES@SJC.SP.GOV.BR
MUNICIPAL;SAO JOSE DOS CAMPOS;POUSADA DO VALE IMI;645;SAO JOSE DOS CAMPOS;CHACARAS POUSADA DO VALE;SAO JOSE DOS CAMPOS;12226740;RUA;CEREJEIRA ;SN;12;39293168;;IMIPOUSADADOVALE@SJC.SP.GOV.BR
MUNICIPAL;SAO JOSE DOS CAMPOS;PROFESSORA SONIA MARA RAMOS NUCLEO DE EDUCACAO INFANTIL;645;SAO JOSE DOS CAMPOS;VILA SAO PEDRO;SAO JOSE DOS CAMPOS;12216390;PRACA;PARAIBA ;119;12;39229689;;NEIVILASAOPEDRO@SJC.SP.GOV.BR
MUNICIPAL;SAO JOSE DOS CAMPOS;REINO DAS AGUAS CLARAS NUCLEO DE EDUCACAO INFANTIL;466;MONTEIRO LOBATO;CENTRO;MONTEIRO LOBATO;12250000;PRACA;RUA BERNARDINO DE CAMPOS;160;12;39791583;;SILVANAMOURA2016@OUTLOOK.COM
MUNICIPAL;SAO JOSE DOS CAMPOS;RIO COMPRIDO NEI;645;SAO JOSE DOS CAMPOS;RIO COMPRIDO;SAO JOSE DOS CAMPOS;12224730;RUA;RUA SAO FRANCISCO;181;12;39393224;;NEIRIOCOMPRIDO@SJC.SP.GOV.BR
MUNICIPAL;SAO JOSE DOS CAMPOS;ROSA TOMITA PROFA EMEF;645;SAO JOSE DOS CAMPOS;JARDIM SAO JOSE II;SAO JOSE DOS CAMPOS;12248678;RUA;AYRTON SENNA DA SILVA ;90;12;32292995;39120390;EMEFROSATOMITA@SJC.SP.GOV.BR
MUNICIPAL;SAO JOSE DOS CAMPOS;ROSANA SCARPEL DA SILVA PROFA EMEI;645;SAO JOSE DOS CAMPOS;CAMPO DOS ALEMAES;SAO JOSE DOS CAMPOS;12239290;;JOAO DE OLIVEIRA E SILVA;S/N;12;39661275;;PLANEJAMENTOESCOLAR@SJC.SP.GOV.BR
MUNICIPAL;SAO JOSE DOS CAMPOS;RUTH NUNES DA TRINDADE PROFA EMEF;645;SAO JOSE DOS CAMPOS;JARDIM TORRAO DE OURO;SAO JOSE DOS CAMPOS;12229010;RUA;WALDEMAR TEIXEIRA ;900;12;39441030;39441670;EMEFRUTHNUNES@SJC.SP.GOV.BR
MUNICIPAL;SAO JOSE DOS CAMPOS;SANDRA REGINA DE ALMEIDA PAULO PROFA EMEI;645;SAO JOSE DOS CAMPOS;JARDIM AMERICANO;SAO JOSE DOS CAMPOS;12225050;PRACA;JOSE CARLOS PACE ;220;12;39296773;;EMEISANDRAREGINA@SJC.SP.GOV.BR
MUNICIPAL;SAO JOSE DOS CAMPOS;SEBASTIANA COBRA PROFA EMEF;645;SAO JOSE DOS CAMPOS;JARDIM DAS INDUSTRIAS;SAO JOSE DOS CAMPOS;12240150;RUA;RUA DOS AMORES-PERFEITOS;95;12;39311814;39345393;EMEFSEBASTIANACOBRA@SJC.SP.GOV.BR
MUNICIPAL;SAO JOSE DOS CAMPOS;SILVANA MARIA RIBEIRO DE ALMEIDA PROFA EMEF;645;SAO JOSE DOS CAMPOS;JARDIM DAS CEREJEIRAS;SAO JOSE DOS CAMPOS;12225570;RUA;QUATRO DE MARCO ;10;12;39075772;39077494;EMEFSILVANAMARIA@SJC.SP.GOV.BR
MUNICIPAL;SAO JOSE DOS CAMPOS;SONIA MARIA PEREIRA DA SILVA PROFA EMEF;645;SAO JOSE DOS CAMPOS;PARQUE NOVO HORIZONTE;SAO JOSE DOS CAMPOS;12225740;RUA;RUA DOS ALFAIATES;321;12;39073355;39074020;EMEFSONIAMARIA@SJC.SP.GOV.BR
MUNICIPAL;SAO JOSE DOS CAMPOS;THEREZINHA DO MENINO JESUS SOARES DO NASCIMENTO PROFA EMEF;645;SAO JOSE DOS CAMPOS;CONJUNTO RESIDENCIAL DOM PEDRO I;SAO JOSE DOS CAMPOS;12232841;RUA;FRANCISCO CARLOS BARBOSA ;200;12;39661028;39661582;EMEFTHEREZINHAJESUS@SJC.SP.GOV.BR
MUNICIPAL;SAO JOSE DOS CAMPOS;TORATARO TAKITANI EMEI;645;SAO JOSE DOS CAMPOS;JARDIM VALE DO SOL;SAO JOSE DOS CAMPOS;12238090;PRACA;BAHIA DE SAO SALVADOR ;142;12;39313382;39340442;EMEITORATAROTAKITANI@SJC.SP.GOV.BR
MUNICIPAL;SAO JOSE DOS CAMPOS;VALERIA APARECIDA DE ALMEIDA VASCONCELOS PROFA EMEI;645;SAO JOSE DOS CAMPOS;RESIDENCIAL GAZZO;SAO JOSE DOS CAMPOS;12236852;ESTRADA;ARCILIO MOREIRA DA SILVA ;191;12;39318887;;EMEIVALERIAAPARECIDA@SJC.SP.GOV.BR
MUNICIPAL;SAO JOSE DOS CAMPOS;VERA BABO DE OLIVEIRA PROFA EMEF;645;SAO JOSE DOS CAMPOS;JARDIM ALTOS DE SANTANA;SAO JOSE DOS CAMPOS;12214010;AVENIDA;ALTO DO RIO DOCE ;801;12;39215748;39424478;EMEFVERABABO@SJC.SP.GOV.BR
MUNICIPAL;SAO JOSE DOS CAMPOS;VERA LUCIA CARNEVALLI BARRETO PROFA EMEF;645;SAO JOSE DOS CAMPOS;SANTANA;SAO JOSE DOS CAMPOS;12211115;AVENIDA;OLIVO GOMES ;520;12;39216258;39422780;EMEFVERALUCIA@SJC.SP.GOV.BR
MUNICIPAL;SAO JOSE DOS CAMPOS;VICENTE SIMIAO LUZ NEI;645;SAO JOSE DOS CAMPOS;JARDIM SAO LEOPOLDO;SAO JOSE DOS CAMPOS;12228191;RUA;NATALIO ANGELO STABELI ;20;12;39441481;;NEIVICENTESIMIAO@SJC.SP.GOV.BR
MUNICIPAL;SAO JOSE DOS CAMPOS;VILA PAIVA NEI;645;SAO JOSE DOS CAMPOS;VILA PAIVA;SAO JOSE DOS CAMPOS;12213400;RUA;ANTONIO PEDRO PEROTTI ;375;12;39228122;;NEIVILAPAIVA@SJC.SP.GOV.BR
MUNICIPAL;SAO JOSE DOS CAMPOS;VILA SAO BENTO NEI;645;SAO JOSE DOS CAMPOS;VILA SAO BENTO;SAO JOSE DOS CAMPOS;12231600;RUA;GURUPI ;40;12;39434271;;NEIVILASAOBENTO@SJC.SP.GOV.BR
MUNICIPAL;SAO JOSE DOS CAMPOS;VILA SAO GERALDO NEI DA;645;SAO JOSE DOS CAMPOS;VILA SAO GERALDO;SAO JOSE DOS CAMPOS;12213270;RUA;MANOEL FERNANDES NETTO MAJOR;320;12;39212537;;EMEIPADREBONAFE@SJC.SP.GOV.BR
MUNICIPAL;SAO JOSE DOS CAMPOS;VISCONDE DE SABUGOSA NUCLEO DE EDUCACAO INFANTIL;466;MONTEIRO LOBATO;CENTRO;MONTEIRO LOBATO;12250000;BAIRRO SAO BENEDITO;RODOVIA SP 50;SN;12;39791268;;NARIZINHOARREBITADO@HOTMAIL.COM
MUNICIPAL;SAO JOSE DOS CAMPOS;WALDEMAR RAMOS PROF EMEF;645;SAO JOSE DOS CAMPOS;CIDADE VISTA VERDE;SAO JOSE DOS CAMPOS;12223410;RUA;MEXICO ;84;12;39120318;39125840;EMEFWALDEMARRAMOS@SJC.SP.GOV.BR
MUNICIPAL;SAO JOSE DOS CAMPOS;ZELI DE TOLEDO DIAS PROFA EMEI;645;SAO JOSE DOS CAMPOS;JARDIM UIRA;SAO JOSE DOS CAMPOS;12227620;AVENIDA;CURRUIRAS ;160;12;39214527;;EMEIZELIDETOLEDO@SJC.SP.GOV.BR
MUNICIPAL;SAO JOSE DOS CAMPOS;ZENAIDE VILALVA ARAUJO PROFA EMEI;645;SAO JOSE DOS CAMPOS;VILA ADYANA;SAO JOSE DOS CAMPOS;12243750;RUA;PRUDENTE MEIRELES DE MORAIS ENGENHEIRO;1000;12;39217439;;EMEIZENAIDEVILALVA@SJC.SP.GOV.BR
MUNICIPAL;SAO JOSE DOS CAMPOS;ZILDA COSTA DE OLIVEIRA PROFA EMEI;645;SAO JOSE DOS CAMPOS;JARDIM DA GRANJA;SAO JOSE DOS CAMPOS;12227230;PRACA;HELIO DIAS ;137;12;39225411;;EMEIZILDACOSTA@SJC.SP.GOV.BR
